GTD ID,DATE,COUNTRY,CITY,PERPETRATOR 1,GUNCERTAIN 1,PERPETRATOR 2,GUNCERTAIN 2,PERPETRATOR 3,GUNCERTAIN 3,FATALITIES,INJURED,TARGET TYPE 1,TARGET TYPE 2,TARGET TYPE 3,REGION,ATTACK TYPE 1,ATTACK TYPE 2,ATTACK TYPE 3,WEAPON TYPE 1,WEAPON TYPE 2,WEAPON TYPE 3,WEAPON TYPE 4,
2.01612E+11,12/4/16,United States,Washington,Unknown,0,,,,,0,0,Business,,,North America,Armed Assault,,,Firearms,Firearms,,,
2.0161E+11,10/13/16,United States,Indianapolis,Anti-White extremists,0,,,,,0,0,Police,,,North America,Armed Assault,,,Firearms,,,,
2.0161E+11,10/4/16,United States,Indianapolis,Anti-White extremists,0,,,,,0,0,Police,,,North America,Armed Assault,,,Firearms,,,,
2.01609E+11,9/16/16,United States,Philadelphia,Anti-Police extremists,0,,,,,2,5,Police,Police,Private Citizens & Property,North America,Armed Assault,,,Firearms,,,,
2.01608E+11,8/13/16,United States,New York City,Unknown,0,,,,,2,0,Religious Figures/Institutions,Private Citizens & Property,,North America,Armed Assault,,,Firearms,,,,
2.01607E+11,7/26/16,France,Saint-Etienne-du-Rouvray,Jihadi-inspired extremists,0,,,,,3,1,Religious Figures/Institutions,,,Western Europe,Hostage Taking (Barricade Incident),,,Firearms,Melee,Fake Weapons,,
2.01607E+11,7/17/16,United States,Baton Rouge,Anti-Police extremists,0,,,,,4,3,Police,,,North America,Armed Assault,,,Firearms,Firearms,,,
2.01607E+11,7/14/16,France,Nice,Jihadi-inspired extremists,0,,,,,87,433,Private Citizens & Property,Private Citizens & Property,,Western Europe,Armed Assault,,,Firearms,Vehicle (not to include vehicle-borne explosives, i.e., car or truck bombs),Fake Weapons
2.01607E+11,7/9/16,United States,San Antonio,Unknown,0,,,,,0,0,Police,,,North America,Armed Assault,,,Firearms,,,,
2.01607E+11,7/7/16,United States,College Station,Anti-Muslim extremists,1,,,,,0,0,Religious Figures/Institutions,,,North America,Armed Assault,,,Firearms,,,,
2.01607E+11,7/7/16,United States,Bristol,Anti-Police extremists,0,,,,,1,4,Police,Private Citizens & Property,,North America,Armed Assault,,,Firearms,Firearms,,,
2.01607E+11,7/7/16,United States,Dallas,Anti-White extremists,0,,,,,6,9,Police,,,North America,Armed Assault,,,Firearms,Firearms,,,
2.01606E+11,6/18/16,United States,Las Vegas,Anti-Trump extremists,0,,,,,0,0,Private Citizens & Property,,,North America,Assassination,,,Firearms,,,,
2.01606E+11,6/12/16,United States,Orlando,Jihadi-inspired extremists,0,,,,,50,53,Business,Private Citizens & Property,,North America,Hostage Taking (Barricade Incident),Armed Assault,,Firearms,Firearms,,,
2.01602E+11,2/3/16,France,Propriano,Unknown,0,,,,,0,0,Business,,,Western Europe,Facility/Infrastructure Attack,,,Firearms,,,,
2.01602E+11,2/3/16,France,Propriano,Unknown,0,,,,,0,0,Business,,,Western Europe,Facility/Infrastructure Attack,,,Firearms,,,,
2.01601E+11,1/7/16,United States,Philadelphia,Jihadi-inspired extremists,0,,,,,0,2,Police,,,North America,Armed Assault,,,Firearms,,,,
2.01601E+11,1/2/16,United States,Princeton,Citizens for Constitutional Freedom,0,,,,,0,0,Government (General),,,North America,Facility/Infrastructure Attack,,,Firearms,Firearms,Firearms,,
2.01512E+11,12/3/15,France,Ghisonaccia,Unknown,0,,,,,0,0,Business,,,Western Europe,Armed Assault,,,Firearms,,,,
2.01512E+11,12/2/15,United States,San Bernardino,Jihadi-inspired extremists,0,,,,,16,17,Government (General),,,North America,Bombing/Explosion,Armed Assault,,Explosives/Bombs/Dynamite,Firearms,,,
2.01511E+11,11/27/15,United States,Colorado Springs,Anti-Abortion extremists,0,,,,,3,9,Abortion Related,,,North America,Hostage Taking (Barricade Incident),Armed Assault,,Firearms,,,,
2.01511E+11,11/23/15,United States,Minneapolis,Sovereign Citizen,0,White extremists,0,,,0,5,Private Citizens & Property,,,North America,Armed Assault,,,Firearms,,,,
2.01511E+11,11/15/15,United States,Meriden,Anti-Muslim extremists,0,,,,,0,0,Religious Figures/Institutions,,,North America,Armed Assault,,,Firearms,Firearms,,,
2.01511E+11,11/13/15,France,Paris,Islamic State of Iraq and the Levant (ISIL),0,,,,,93,217,Business,Private Citizens & Property,,Western Europe,Hostage Taking (Barricade Incident),Bombing/Explosion,,Explosives/Bombs/Dynamite,Explosives/Bombs/Dynamite,Firearms,,
2.01511E+11,11/13/15,France,Paris,Islamic State of Iraq and the Levant (ISIL),0,,,,,19,26,Business,Private Citizens & Property,,Western Europe,Armed Assault,,,Firearms,,,,
2.01511E+11,11/13/15,France,Paris,Islamic State of Iraq and the Levant (ISIL),0,,,,,5,24,Business,,,Western Europe,Armed Assault,,,Firearms,,,,
2.01511E+11,11/13/15,France,Paris,Islamic State of Iraq and the Levant (ISIL),0,,,,,15,26,Business,Private Citizens & Property,,Western Europe,Armed Assault,,,Firearms,,,,
2.0151E+11,10/2/15,Australia,Parramatta,Jihadi-inspired extremists,0,,,,,2,0,Police,,,Australasia & Oceania,Armed Assault,,,Firearms,,,,
2.01509E+11,9/13/15,United States,Bullard,Muslim extremists,0,,,,,0,0,Religious Figures/Institutions,,,North America,Armed Assault,,,Firearms,,,,
2.01508E+11,8/21/15,France,Arras,Islamic State of Iraq and the Levant (ISIL),0,,,,,0,3,Transportation,,,Western Europe,Armed Assault,,,Firearms,Melee,,,
2.01507E+11,7/23/15,United States,Lafayette,Anti-Government extremists,0,,,,,3,9,Business,,,North America,Armed Assault,,,Firearms,,,,
2.01507E+11,7/16/15,United States,Chattanooga,Muslim extremists,0,,,,,6,2,Military,,,North America,Armed Assault,,,Firearms,Firearms,Firearms,,
2.01507E+11,7/16/15,United States,Chattanooga,Muslim extremists,0,,,,,0,0,Military,,,North America,Armed Assault,,,Firearms,Firearms,Firearms,,
2.01506E+11,6/17/15,United States,Charleston,White extremists,0,,,,,9,0,Religious Figures/Institutions,,,North America,Armed Assault,,,Firearms,,,,
2.01505E+11,5/3/15,United States,Garland,Jihadi-inspired extremists,0,,,,,2,1,Private Citizens & Property,,,North America,Armed Assault,,,Firearms,,,,
2.01504E+11,4/19/15,France,Paris,Jihadi-inspired extremists,0,,,,,1,0,Private Citizens & Property,Religious Figures/Institutions,,Western Europe,Armed Assault,,,Firearms,,,,
2.01502E+11,2/10/15,United States,Chapel Hill,Anti-Muslim extremists,0,,,,,3,0,Private Citizens & Property,,,North America,Armed Assault,,,Firearms,,,,
2.01501E+11,1/10/15,France,Ghisonaccia,Unknown,0,,,,,0,0,Business,,,Western Europe,Armed Assault,,,Firearms,,,,
2.01501E+11,1/9/15,France,Soissons,Unknown,0,,,,,0,0,Religious Figures/Institutions,,,Western Europe,Armed Assault,,,Firearms,,,,
2.01501E+11,1/9/15,France,Vendome,Unknown,0,,,,,0,0,Religious Figures/Institutions,,,Western Europe,Armed Assault,,,Firearms,,,,
2.01501E+11,1/9/15,France,Paris,Jihadi-inspired extremists,0,,,,,5,3,Business,,,Western Europe,Hostage Taking (Barricade Incident),,,Firearms,,,,
2.01501E+11,1/9/15,France,Dammartin en Goele,Muslim extremists,0,,,,,2,2,Business,,,Western Europe,Hostage Taking (Barricade Incident),Armed Assault,,Firearms,,,,
2.01501E+11,1/8/15,France,Saint-Juery,Unknown,0,,,,,0,0,Religious Figures/Institutions,,,Western Europe,Armed Assault,,,Firearms,,,,
2.01501E+11,1/8/15,France,Le Mans,Unknown,0,,,,,0,0,Religious Figures/Institutions,,,Western Europe,Armed Assault,,,Explosives/Bombs/Dynamite,Firearms,,,
2.01501E+11,1/8/15,France,Paris,Jihadi-inspired extremists,0,,,,,1,1,Police,Government (General),,Western Europe,Armed Assault,,,Firearms,,,,
2.01501E+11,1/7/15,France,Port-la-Nouvelle,Unknown,0,,,,,0,0,Religious Figures/Institutions,,,Western Europe,Armed Assault,,,Firearms,,,,
2.01501E+11,1/7/15,France,Paris,Jihadi-inspired extremists,0,,,,,0,1,Private Citizens & Property,,,Western Europe,Armed Assault,,,Firearms,,,,
2.01501E+11,1/7/15,France,Paris,Al-Qaida in the Arabian Peninsula (AQAP),0,,,,,12,12,Journalists & Media,Police,Private Citizens & Property,Western Europe,Hostage Taking (Barricade Incident),Armed Assault,,Explosives/Bombs/Dynamite,Firearms,Firearms,,
2.01412E+11,12/20/14,United States,New York City,Anti-Police extremists,0,,,,,2,0,Police,,,North America,Armed Assault,,,Firearms,,,,
2.01412E+11,12/18/14,United States,Morganton,Jihadi-inspired extremists,0,,,,,1,0,Private Citizens & Property,,,North America,Armed Assault,,,Firearms,,,,
2.01412E+11,12/15/14,Australia,Sydney,Jihadi-inspired extremists,0,,,,,3,4,Business,,,Australasia & Oceania,Hostage Taking (Barricade Incident),,,Firearms,,,,
2.01411E+11,11/28/14,United States,Austin,Anti-Government extremists,0,,,,,0,0,Government (Diplomatic),,,North America,Armed Assault,,,Firearms,,,,
2.01411E+11,11/28/14,United States,Austin,Anti-Government extremists,0,,,,,1,0,Police,,,North America,Armed Assault,,,Firearms,,,,
2.01411E+11,11/28/14,United States,Austin,Anti-Government extremists,0,,,,,0,0,Government (General),,,North America,Armed Assault,,,Firearms,,,,
2.01411E+11,11/23/14,United States,Pendleton,United Aryan Empire,0,,,,,0,0,Private Citizens & Property,,,North America,Bombing/Explosion,Armed Assault,,Explosives/Bombs/Dynamite,Firearms,,,
2.01411E+11,11/4/14,United States,Coachella,Unknown,0,,,,,0,0,Religious Figures/Institutions,,,North America,Armed Assault,,,Firearms,,,,
2.01411E+11,11/3/14,Australia,Bankstown,Unknown,0,,,,,0,1,Religious Figures/Institutions,,,Australasia & Oceania,Armed Assault,,,Firearms,,,,
2.01409E+11,9/12/14,United States,Blooming Grove,Anti-Government extremists,0,,,,,1,1,Police,,,North America,Armed Assault,,,Firearms,,,,
2.01408E+11,8/11/14,United States,Corinth,Sovereign Citizen,1,,,,,0,0,Police,Other,Private Citizens & Property,North America,Bombing/Explosion,Armed Assault,,Explosives/Bombs/Dynamite,Firearms,,,
2.01406E+11,6/25/14,United States,West Orange,Jihadi-inspired extremists,0,,,,,1,0,Private Citizens & Property,,,North America,Armed Assault,,,Firearms,,,,
2.01406E+11,6/12/14,France,Bastia,Unknown,0,,,,,0,0,Police,,,Western Europe,Facility/Infrastructure Attack,,,Firearms,,,,
2.01406E+11,6/8/14,United States,Las Vegas,Anti-Government extremists,0,,,,,5,0,Police,Business,,North America,Armed Assault,,,Firearms,,,,
2.01406E+11,6/6/14,United States,Cumming,Sovereign Citizen,0,,,,,1,1,Government (General),,,North America,Bombing/Explosion,Armed Assault,,Explosives/Bombs/Dynamite,Firearms,Firearms,,
2.01406E+11,6/1/14,United States,Seattle,Jihadi-inspired extremists,0,,,,,2,0,Private Citizens & Property,,,North America,Armed Assault,,,Firearms,,,,
2.01404E+11,4/27/14,United States,Seattle,Jihadi-inspired extremists,0,,,,,1,0,Private Citizens & Property,,,North America,Armed Assault,,,Firearms,,,,
2.01404E+11,4/13/14,United States,Overland Park,White extremists,0,,,,,1,0,Religious Figures/Institutions,,,North America,Armed Assault,,,Firearms,Firearms,,,
2.01404E+11,4/13/14,United States,Overland Park,White extremists,0,,,,,2,0,Religious Figures/Institutions,,,North America,Armed Assault,,,Firearms,Firearms,,,
2.01403E+11,3/25/14,United States,Orland Park,Unknown,0,,,,,0,0,Religious Figures/Institutions,,,North America,Facility/Infrastructure Attack,,,Firearms,,,,
2.01403E+11,3/18/14,United States,Hattiesburg,Unknown,0,,,,,0,0,Religious Figures/Institutions,,,North America,Armed Assault,,,Firearms,,,,
2.01311E+11,11/18/13,France,Paris,Unknown,0,,,,,0,1,Journalists & Media,,,Western Europe,Armed Assault,,,Firearms,,,,
2.01311E+11,11/1/13,United States,Los Angeles,Anti-Government extremists,0,,,,,1,4,Airports and Aircraft,Government (General),,North America,Armed Assault,,,Firearms,Firearms,,,
2.01304E+11,4/18/13,United States,Cambridge,Muslim extremists,0,,,,,1,0,Educational Institution,,,North America,Armed Assault,,,Firearms,,,,
2.01304E+11,4/16/13,United States,San Jose,Unknown,0,,,,,0,0,Utilities,,,North America,Facility/Infrastructure Attack,,,Firearms,Sabotage Equipment,,,
2.01302E+11,2/7/13,United States,Corona,Anti-Police extremists,0,,,,,1,1,Police,,,North America,Armed Assault,,,Firearms,,,,
2.01209E+11,9/30/12,United States,Perrysburg,Anti-Muslim extremists,0,,,,,0,0,Religious Figures/Institutions,,,North America,Facility/Infrastructure Attack,,,Firearms,Incendiary,,,
2.01208E+11,8/15/12,United States,Washington,Pro-LGBT Rights extremists,0,,,,,0,1,NGO,,,North America,Armed Assault,,,Firearms,,,,
2.01208E+11,8/5/12,United States,Oak Creek,White extremists,0,,,,,7,4,Religious Figures/Institutions,,,North America,Armed Assault,,,Firearms,,,,
2.01206E+11,6/19/12,France,Toulouse,Jihadi-inspired extremists,0,,,,,0,1,Business,,,Western Europe,Hostage Taking (Barricade Incident),,,Firearms,,,,
2.01203E+11,3/19/12,France,Toulouse,Muslim extremists,0,,,,,4,0,Educational Institution,,,Western Europe,Armed Assault,,,Firearms,,,,
2.01203E+11,3/15/12,France,Montauban,Muslim extremists,0,,,,,3,0,Military,,,Western Europe,Armed Assault,,,Firearms,,,,
2.01203E+11,3/11/12,France,Toulouse,Muslim extremists,0,,,,,1,0,Military,,,Western Europe,Armed Assault,,,Firearms,,,,
2.01111E+11,11/11/11,United States,Washington,Anti-Government extremists,0,,,,,0,0,Government (General),,,North America,Armed Assault,,,Firearms,,,,
2.01104E+11,4/9/11,France,Creuse district,Basque Fatherland and Freedom (ETA),1,,,,,0,1,Police,,,Western Europe,Armed Assault,,,Firearms,,,,
2.01011E+11,2010-11-00,United States,Woodbridge,Jihadi-inspired extremists,0,,,,,0,0,Military,,,North America,Facility/Infrastructure Attack,,,Firearms,,,,
2.0101E+11,10/25/10,United States,Chantilly,Jihadi-inspired extremists,0,,,,,0,0,Military,,,North America,Facility/Infrastructure Attack,,,Firearms,,,,
2.0101E+11,10/19/10,United States,Arlington,Jihadi-inspired extremists,0,,,,,0,0,Government (General),,,North America,Facility/Infrastructure Attack,,,Firearms,,,,
2.0101E+11,2010-10-00,United States,Triangle,Jihadi-inspired extremists,0,,,,,0,0,NGO,,,North America,Facility/Infrastructure Attack,,,Firearms,,,,
2.0101E+11,2010-10-00,United States,Triangle,Jihadi-inspired extremists,0,,,,,0,0,NGO,,,North America,Facility/Infrastructure Attack,,,Firearms,,,,
2.01003E+11,3/4/10,United States,Arlington,Anti-Government extremists,1,,,,,1,2,Government (General),,,North America,Armed Assault,,,Firearms,,,,
2.01002E+11,2/4/10,Australia,Perth,Combat 18,1,,,,,0,0,Religious Figures/Institutions,,,Australasia & Oceania,Armed Assault,,,Firearms,,,,
2.00911E+11,11/5/09,United States,Killeen,Jihadi-inspired extremists,0,,,,,13,32,Military,,,North America,Armed Assault,,,Firearms,,,,
2.00906E+11,6/10/09,United States,Washington,Anti-Semitic extremists,1,,,,,1,Unknown,Business,,,North America,Armed Assault,,,Firearms,,,,
2.00906E+11,6/1/09,United States,Little Rock,Jihadi-inspired extremists,0,,,,,1,1,Military,,,North America,Armed Assault,,,Firearms,,,,
2.00905E+11,5/31/09,United States,Wichita,Anti-Abortion extremists,0,,,,,1,0,Abortion Related,,,North America,Armed Assault,,,Firearms,,,,
2.00905E+11,5/30/09,United States,Arivaca,Minutemen American Defense,0,,,,,2,1,Private Citizens & Property,,,North America,Armed Assault,,,Firearms,,,,
2.00904E+11,4/6/09,France,Bonifacio,Unknown,0,,,,,0,0,Police,,,Western Europe,Armed Assault,,,Firearms,,,,
2.00903E+11,3/20/09,France,Lyon,Unknown,0,,,,,0,10,Private Citizens & Property,,,Western Europe,Armed Assault,,,Firearms,,,,
2.00807E+11,7/27/08,United States,Knoxville,Anti-Liberal extremists,0,,,,,2,7,Religious Figures/Institutions,,,North America,Armed Assault,,,Firearms,,,,
2.00712E+11,12/1/07,France,Capbreton,Basque Fatherland and Freedom (ETA),0,,,,,2,0,Police,,,Western Europe,Assassination,,,Firearms,,,,
2.00711E+11,11/14/07,France,Ajaccio,Unknown,0,,,,,0,0,Government (General),,,Western Europe,Facility/Infrastructure Attack,,,Firearms,,,,
2.00708E+11,8/28/07,France,Linguizzetta,Unknown,0,,,,,0,0,Religious Figures/Institutions,,,Western Europe,Armed Assault,,,Firearms,,,,
2.00607E+11,7/28/06,United States,Seattle,Anti-Semitic extremists,0,,,,,1,5,Business,,,North America,Armed Assault,,,Firearms,,,,
2.00604E+11,4/22/06,France,Coti Chiavari,Corsican National Liberation Front (FLNC),1,,,,,0,2,Private Citizens & Property,Private Citizens & Property,,Western Europe,Hostage Taking (Barricade Incident),Bombing/Explosion,,Firearms,Explosives/Bombs/Dynamite,,,
2.00603E+11,3/4/06,France,Unknown,Corsican National Liberation Front (FLNC),0,,,,,0,0,Business,,,Western Europe,Bombing/Explosion,Hostage Taking (Kidnapping),,Explosives/Bombs/Dynamite,Firearms,,,
2.00602E+11,2/9/06,France,Ghisonaccia,Unknown,0,,,,,0,0,Police,,,Western Europe,Facility/Infrastructure Attack,,,Firearms,,,,
2.00503E+11,3/30/05,United States,Bloomington,Anti-Abortion extremists,0,,,,,0,0,Abortion Related,,,North America,Facility/Infrastructure Attack,,,Incendiary,Firearms,,,
2.00503E+11,3/8/05,France,Corte,Unknown,0,,,,,0,0,Police,,,Western Europe,Armed Assault,,,Firearms,,,,
2.0021E+11,10/3/02,United States,New York City,Anti-Kim Jong-il extremists,0,,,,,0,0,Government (Diplomatic),,,North America,Armed Assault,,,Firearms,,,,
2.00202E+11,7/4/02,United States,Los Angeles,Anti-Israeli extremists,0,,,,,3,4,Airports and Aircraft,Private Citizens & Property,,North America,Armed Assault,,,Firearms,Melee,,,
2.00111E+11,11/6/01,France,Borgo,Unknown,0,,,,,0,0,Police,,,Western Europe,Armed Assault,,,Firearms,,,,
2.00108E+11,8/18/01,France,Ajaccio,Corsican National Liberation Front (FLNC),0,,,,,0,0,Private Citizens & Property,,,Western Europe,Facility/Infrastructure Attack,,,Firearms,,,,
2.00012E+11,12/31/00,United States,Overland Park,Anti-Abortion extremists,0,,,,,0,0,Abortion Related,,,North America,Facility/Infrastructure Attack,,,Firearms,,,,
2.0001E+11,10/17/00,Australia,Normahurst,Unknown,0,,,,,0,0,Transportation,,,Australasia & Oceania,Armed Assault,,,Firearms,,,,
2.00008E+11,8/7/00,France,L'Ile Rousse,Unknown,0,,,,,2,1,Private Citizens & Property,,,Western Europe,Assassination,,,Firearms,,,,
1.99908E+11,8/10/99,United States,Granada Hills,Aryan Nation,0,,,,,0,5,Religious Figures/Institutions,,,North America,Armed Assault,,,Firearms,,,,
1.99907E+11,7/4/99,United States,Bloomington,World Church of the Creator,0,,,,,2,0,Private Citizens & Property,,,North America,Armed Assault,,,Firearms,,,,
1.99907E+11,7/3/99,United States,Springfield,World Church of the Creator,0,,,,,0,1,Private Citizens & Property,,,North America,Armed Assault,,,Firearms,,,,
1.99907E+11,7/3/99,United States,Decatur,World Church of the Creator,0,,,,,0,1,Religious Figures/Institutions,,,North America,Armed Assault,,,Firearms,,,,
1.99907E+11,7/2/99,United States,Northbrook,World Church of the Creator,0,,,,,0,1,Private Citizens & Property,,,North America,Armed Assault,,,Firearms,,,,
1.99907E+11,7/2/99,United States,Skokie,World Church of the Creator,0,,,,,1,0,Private Citizens & Property,,,North America,Armed Assault,,,Firearms,,,,
1.99907E+11,7/2/99,United States,Chicago,World Church of the Creator,0,,,,,0,6,Private Citizens & Property,,,North America,Armed Assault,,,Firearms,,,,
1.99907E+11,7/1/99,United States,Redding,White extremists,0,,,,,2,0,Private Citizens & Property,,,North America,Armed Assault,,,Firearms,,,,
1.99904E+11,4/20/99,United States,Littleton,Unknown,0,,,,,15,24,Educational Institution,,,North America,Hostage Taking (Kidnapping),Armed Assault,,Firearms,Firearms,Explosives/Bombs/Dynamite,,
1.99811E+11,11/1/98,Australia,Lakemba,Unknown,0,,,,,0,0,Police,,,Australasia & Oceania,Armed Assault,,,Firearms,,,,
1.9981E+11,10/23/98,United States,Amherst,Army of God,0,,,,,1,0,Abortion Related,,,North America,Armed Assault,,,Firearms,,,,
1.99807E+11,7/24/98,United States,Washington,Unknown,0,,,,,2,1,Government (General),,,North America,Armed Assault,,,Firearms,,,,
1.99802E+11,2/6/98,France,Ajaccio,Corsican National Liberation Front (FLNC),0,,,,,1,0,Government (Diplomatic),,,Western Europe,Assassination,,,Firearms,,,,
1.99712E+11,12/9/97,France,Unknown,Unknown,0,,,,,0,0,Government (General),,,Western Europe,Armed Assault,,,Firearms,,,,
1.9971E+11,10/28/97,United States,Fairport,Army of God,1,,,,,0,0,Abortion Related,,,North America,Assassination,,,Firearms,,,,
1.99704E+11,4/27/97,United States,Fort Davis,Republic of Texas,0,,,,,0,1,Government (General),,,North America,Hostage Taking (Kidnapping),,,Firearms,,,,
1.99704E+11,4/26/97,United States,Dallas,Anti-Semitic extremists,0,,,,,0,0,Religious Figures/Institutions,,,North America,Facility/Infrastructure Attack,,,Firearms,,,,
1.99702E+11,2/23/97,United States,New York City,Palestinians,0,,,,,1,6,Tourists,Tourists,Tourists,North America,Armed Assault,,,Firearms,,,,
1.99702E+11,2/1/97,United States,Tulsa,Anti-Abortion extremists,0,,,,,0,0,Abortion Related,,,North America,Facility/Infrastructure Attack,,,Firearms,,,,
1.99701E+11,1/9/97,France,Bastia,Unknown,0,,,,,0,1,Police,,,Western Europe,Armed Assault,,,Firearms,,,,
1.99612E+11,12/20/96,France,Unknown,Unknown,0,,,,,0,0,Police,,,Western Europe,Armed Assault,,,Firearms,,,,
1.99612E+11,12/18/96,France,Bastia,Unknown,0,,,,,0,0,Police,,,Western Europe,Armed Assault,,,Firearms,,,,
1.99612E+11,12/18/96,France,Belgodere,Unknown,0,,,,,0,0,Police,,,Western Europe,Armed Assault,,,Firearms,,,,
1.99612E+11,12/18/96,France,Bastia,Unknown,0,,,,,0,0,Government (General),,,Western Europe,Facility/Infrastructure Attack,,,Firearms,,,,
1.99612E+11,12/17/96,France,Vescovato,Unknown,0,,,,,0,0,Police,,,Western Europe,Armed Assault,,,Firearms,,,,
1.99612E+11,12/15/96,France,Bastia,Unknown,0,,,,,0,0,Police,,,Western Europe,Facility/Infrastructure Attack,,,Firearms,,,,
1.99612E+11,12/7/96,France,Propriano,Unknown,0,,,,,1,0,Military,,,Western Europe,Assassination,,,Firearms,,,,
1.99612E+11,1996-12-00,France,Saint-Florent,Unknown,0,,,,,0,0,Military,,,Western Europe,Facility/Infrastructure Attack,,,Firearms,,,,
1.99611E+11,11/12/96,France,Figari,Unknown,0,,,,,0,0,Police,,,Western Europe,Facility/Infrastructure Attack,,,Firearms,,,,
1.9961E+11,1996-10-00,France,Paris,Unknown,0,,,,,2,0,Terrorists/Non-state Militia,,,Western Europe,Assassination,,,Firearms,,,,
1.9961E+11,1996-10-00,France,Oletta,Unknown,0,,,,,0,0,Police,,,Western Europe,Facility/Infrastructure Attack,,,Firearms,,,,
1.99609E+11,9/3/96,France,Bonifacio,Unknown,0,,,,,0,1,Military,,,Western Europe,Bombing/Explosion,,,Explosives/Bombs/Dynamite,Firearms,,,
1.99608E+11,8/15/96,Australia,Adelaide,Unknown,0,,,,,2,1,Business,,,Australasia & Oceania,Armed Assault,,,Firearms,,,,
1.99607E+11,7/12/96,United States,Spokane Valley,Phineas Priesthood,0,,,,,0,0,Business,,,North America,Armed Assault,,,Firearms,Firearms,Explosives/Bombs/Dynamite,,
1.99606E+11,6/6/96,France,Ajaccio,Corsican Separatists,0,,,,,0,0,Private Citizens & Property,,,Western Europe,Facility/Infrastructure Attack,,,Firearms,,,,
1.99605E+11,5/28/96,France,Paris,Unknown,0,,,,,1,0,Government (General),,,Western Europe,Assassination,,,Firearms,,,,
1.99605E+11,5/22/96,France,Brando,Corsican National Liberation Front- Historic Channel,0,,,,,0,0,Police,,,Western Europe,Facility/Infrastructure Attack,,,Firearms,,,,
1.99605E+11,5/19/96,France,Ventiseri,Corsican National Liberation Front- Historic Channel,0,,,,,0,0,Police,,,Western Europe,Facility/Infrastructure Attack,,,Firearms,,,,
1.99605E+11,5/17/96,France,Bastia,Corsican National Liberation Front- Historic Channel,0,,,,,0,0,Police,,,Western Europe,Facility/Infrastructure Attack,,,Firearms,,,,
1.99605E+11,5/16/96,France,Bastia,Unknown,0,,,,,0,0,Police,,,Western Europe,Facility/Infrastructure Attack,,,Firearms,,,,
1.99605E+11,5/15/96,France,Bonifacio,Unknown,0,,,,,0,0,Police,,,Western Europe,Facility/Infrastructure Attack,,,Firearms,,,,
1.99605E+11,5/15/96,France,Ajaccio,Unknown,0,,,,,0,0,Government (General),,,Western Europe,Facility/Infrastructure Attack,,,Firearms,,,,
1.99605E+11,5/15/96,France,Ajaccio,Unknown,0,,,,,0,0,Police,,,Western Europe,Facility/Infrastructure Attack,,,Firearms,,,,
1.99605E+11,5/15/96,France,Ajaccio,Unknown,0,,,,,0,0,Police,,,Western Europe,Facility/Infrastructure Attack,,,Firearms,,,,
1.99605E+11,5/14/96,France,Porto-Vecchio,Unknown,0,,,,,0,0,Police,,,Western Europe,Facility/Infrastructure Attack,,,Firearms,,,,
1.99605E+11,5/14/96,France,Porto-Vecchio,Unknown,0,,,,,0,0,Police,,,Western Europe,Facility/Infrastructure Attack,,,Firearms,,,,
1.99605E+11,5/14/96,France,Ajaccio,Unknown,0,,,,,0,0,Government (General),,,Western Europe,Facility/Infrastructure Attack,,,Firearms,,,,
1.99605E+11,1996-05-00,France,Vescovato,Corsican National Liberation Front- Historic Channel,0,,,,,0,0,Police,,,Western Europe,Facility/Infrastructure Attack,,,Firearms,,,,
1.99604E+11,4/1/96,United States,Spokane Valley,Phineas Priesthood,0,,,,,0,0,Business,,,North America,Armed Assault,,,Firearms,Firearms,Explosives/Bombs/Dynamite,,
1.99603E+11,3/10/96,France,Orsay,Unknown,0,,,,,0,0,Journalists & Media,,,Western Europe,Facility/Infrastructure Attack,,,Firearms,,,,
1.99603E+11,3/8/96,France,Sartene,Unknown,0,,,,,1,0,Government (General),,,Western Europe,Assassination,,,Firearms,,,,
1.99603E+11,3/7/96,France,Ajaccio,Unknown,0,,,,,0,1,Government (General),,,Western Europe,Assassination,,,Firearms,,,,
1.99602E+11,2/19/96,France,Ajaccio,Unknown,0,,,,,1,0,Terrorists/Non-state Militia,,,Western Europe,Assassination,,,Firearms,,,,
1.99602E+11,2/18/96,France,Porto-Vecchio,Unknown,0,,,,,1,0,Terrorists/Non-state Militia,,,Western Europe,Assassination,,,Firearms,,,,
1.99602E+11,2/16/96,France,Ajaccio,Unknown,0,,,,,1,0,Terrorists/Non-state Militia,,,Western Europe,Assassination,,,Firearms,,,,
1.99601E+11,1/1/96,France,Ajaccio,Corsican Separatists,0,,,,,1,0,Government (General),,,Western Europe,Assassination,,,Firearms,,,,
1.99512E+11,12/19/95,United States,Sylvania,Aryan Republican Army,0,,,,,0,0,Business,,,North America,Hostage Taking (Barricade Incident),,,Firearms,,,,
1.99512E+11,12/7/95,United States,Fayetteville,Unknown,0,,,,,0,0,Unknown,,,North America,Assassination,,,Firearms,,,,
1.99511E+11,11/22/95,United States,St. Louis,Aryan Republican Army,0,,,,,0,0,Business,,,North America,Hostage Taking (Barricade Incident),,,Firearms,Fake Weapons,Sabotage Equipment,,
1.99511E+11,11/22/95,France,Ajaccio,Separatists,0,,,,,0,0,Government (General),,,Western Europe,Armed Assault,,,Firearms,,,,
1.9951E+11,10/29/95,France,Corte,Unknown,0,,,,,1,0,Government (General),,,Western Europe,Assassination,,,Firearms,Firearms,,,
1.99509E+11,9/23/95,France,Paris,Unknown,0,,,,,0,0,Government (General),,,Western Europe,Assassination,,,Firearms,,,,
1.99509E+11,9/17/95,France,Cargese,Unknown,0,,,,,1,0,Private Citizens & Property,,,Western Europe,Assassination,,,Firearms,,,,
1.99509E+11,9/17/95,France,Bastia,Unknown,0,,,,,1,0,Private Citizens & Property,,,Western Europe,Assassination,,,Firearms,,,,
1.99508E+11,8/31/95,France,Corte,Movement for Self-Determination,0,,,,,1,1,Violent Political Party,,,Western Europe,Assassination,,,Firearms,,,,
1.99508E+11,8/31/95,France,Bastia,Cuncolta Naziunalista,0,,,,,2,0,Terrorists/Non-state Militia,,,Western Europe,Assassination,,,Firearms,,,,
1.99508E+11,8/30/95,United States,Madison,Aryan Republican Army,0,,,,,0,0,Business,,,North America,Hostage Taking (Barricade Incident),,,Firearms,Fake Weapons,Sabotage Equipment,,
1.99508E+11,8/30/95,United States,Peoria,Unknown,0,,,,,0,0,Business,,,North America,Armed Assault,,,Firearms,,,,
1.99508E+11,8/30/95,United States,Peoria,Unknown,0,,,,,0,0,Business,,,North America,Armed Assault,,,Firearms,,,,
1.99508E+11,8/16/95,United States,Bridgeton,Aryan Republican Army,0,,,,,0,0,Business,,,North America,Hostage Taking (Barricade Incident),Bombing/Explosion,,Firearms,Fake Weapons,Sabotage Equipment,,
1.99507E+11,7/26/95,France,Ajaccio,Unknown,0,,,,,2,1,Terrorists/Non-state Militia,,,Western Europe,Assassination,,,Firearms,,,,
1.99507E+11,7/21/95,France,Bastia,Unknown,0,,,,,1,0,Violent Political Party,,,Western Europe,Assassination,,,Firearms,,,,
1.99507E+11,7/13/95,France,Ajaccio,Unknown,0,,,,,1,1,Private Citizens & Property,,,Western Europe,Assassination,,,Firearms,,,,
1.99506E+11,6/22/95,United States,Glendale,Aryan Republican Army,0,,,,,0,0,Business,,,North America,Hostage Taking (Barricade Incident),Bombing/Explosion,,Firearms,Fake Weapons,Sabotage Equipment,,
1.99505E+11,5/23/95,United States,Louisville,Aryan Republican Army,0,,,,,0,0,Business,,,North America,Hostage Taking (Barricade Incident),,,Firearms,Fake Weapons,,,
1.99505E+11,5/23/95,United States,Washington,Unknown,0,,,,,0,2,Government (General),,,North America,Armed Assault,,,Firearms,,,,
1.99504E+11,4/22/95,United States,Warren,Unknown,0,,,,,0,0,Abortion Related,,,North America,Armed Assault,,,Firearms,,,,
1.99503E+11,3/29/95,United States,Des Moines,Aryan Republican Army,0,,,,,0,0,Business,,,North America,Hostage Taking (Barricade Incident),Bombing/Explosion,,Firearms,Explosives/Bombs/Dynamite,Fake Weapons,,
1.99501E+11,1/28/95,United States,Huntington,Unknown,0,,,,,0,0,Abortion Related,,,North America,Assassination,,,Firearms,,,,
1.99501E+11,1/18/95,United States,Murphy,Anti-Abortion extremists,0,,,,,0,1,Abortion Related,Business,Educational Institution,North America,Bombing/Explosion,Armed Assault,Facility/Infrastructure Attack,Explosives/Bombs/Dynamite,Firearms,Incendiary,,
1.99501E+11,1/10/95,France,Paris,Unknown,0,,,,,1,0,Religious Figures/Institutions,,,Western Europe,Assassination,,,Firearms,,,,
1.99412E+11,12/31/94,United States,Norfolk,Anti-Abortion extremists,0,,,,,0,0,Abortion Related,,,North America,Armed Assault,,,Firearms,,,,
1.99412E+11,12/30/94,United States,Brookline,Anti-Abortion extremists,0,,,,,1,2,Abortion Related,,,North America,Armed Assault,,,Firearms,,,,
1.99412E+11,12/30/94,United States,Brookline,Anti-Abortion extremists,0,,,,,1,3,Abortion Related,,,North America,Armed Assault,,,Firearms,,,,
1.99412E+11,12/27/94,United States,Maryland Heights,Aryan Republican Army,0,,,,,0,0,Business,,,North America,Hostage Taking (Barricade Incident),,,Firearms,Fake Weapons,Sabotage Equipment,,
1.99412E+11,12/14/94,United States,Albany,Unknown,0,,,,,0,1,Educational Institution,,,North America,Hostage Taking (Barricade Incident),,,Firearms,,,,
1.99412E+11,12/9/94,United States,Middleburg Heights,Aryan Republican Army,0,,,,,0,0,Business,,,North America,Hostage Taking (Barricade Incident),,,Firearms,Firearms,Fake Weapons,,
1.99411E+11,11/11/94,United States,Des Moines,Aryan Republican Army,0,,,,,0,0,Business,,,North America,Hostage Taking (Barricade Incident),,,Firearms,,,,
1.9941E+11,10/29/94,United States,Washington,Unknown,0,,,,,0,0,Government (General),,,North America,Assassination,,,Firearms,,,,
1.9941E+11,10/25/94,United States,Columbus,Aryan Republican Army,0,,,,,0,0,Business,,,North America,Hostage Taking (Barricade Incident),Bombing/Explosion,,Firearms,Firearms,Explosives/Bombs/Dynamite,,
1.9941E+11,10/25/94,Australia,Perth,Unknown,0,,,,,1,0,Police,,,Australasia & Oceania,Hostage Taking (Barricade Incident),,,Firearms,,,,
1.9941E+11,10/16/94,United States,Lubbock,Neo-Nazi extremists,0,,,,,0,1,Private Citizens & Property,,,North America,Armed Assault,,,Firearms,,,,
1.9941E+11,10/16/94,United States,Lubbock,Neo-Nazi extremists,0,,,,,0,1,Private Citizens & Property,,,North America,Armed Assault,,,Firearms,,,,
1.9941E+11,10/16/94,United States,Lubbock,Neo-Nazi extremists,0,,,,,1,0,Private Citizens & Property,,,North America,Armed Assault,,,Firearms,,,,
1.9941E+11,10/4/94,France,Paris,Unknown,0,,,,,4,6,Police,Private Citizens & Property,,Western Europe,Hostage Taking (Barricade Incident),,,Chemical,Firearms,,,
1.99409E+11,9/21/94,United States,Overland Park,Aryan Republican Army,0,,,,,0,0,Business,,,North America,Hostage Taking (Barricade Incident),,,Firearms,,,,
1.99409E+11,9/5/94,Australia,Canberra,U/I Asian Gang,1,,,,,0,0,Government (General),,,Australasia & Oceania,Assassination,,,Firearms,,,,
1.99407E+11,7/29/94,United States,Pensacola,Anti-Abortion extremists,0,,,,,2,1,Abortion Related,,,North America,Assassination,,,Firearms,,,,
1.99407E+11,7/16/94,France,Dreux,Unknown,0,,,,,1,8,Private Citizens & Property,,,Western Europe,Armed Assault,,,Firearms,,,,
1.99406E+11,6/8/94,United States,Springdale,Aryan Republican Army,0,,,,,0,0,Business,,,North America,Hostage Taking (Barricade Incident),,,Firearms,,,,
1.99405E+11,5/29/94,United States,Riverside,Unknown,0,,,,,0,3,Religious Figures/Institutions,,,North America,Assassination,,,Firearms,,,,
1.99405E+11,5/29/94,United States,New York City,Unknown,0,,,,,1,0,Business,,,North America,Assassination,,,Firearms,,,,
1.99403E+11,3/30/94,France,Ajaccio,Corsican National Liberation Front (FLNC),0,,,,,0,0,Police,,,Western Europe,Armed Assault,,,Firearms,,,,
1.99403E+11,3/30/94,France,Ghisonaccia,Corsican National Liberation Front (FLNC),0,,,,,0,0,Police,,,Western Europe,Armed Assault,,,Firearms,,,,
1.99403E+11,3/30/94,France,Ghisonaccia,Corsican National Liberation Front (FLNC),0,,,,,0,0,Police,,,Western Europe,Armed Assault,,,Firearms,,,,
1.99403E+11,3/30/94,France,Ghisonaccia,Corsican National Liberation Front (FLNC),0,,,,,0,0,Police,,,Western Europe,Armed Assault,,,Firearms,,,,
1.99403E+11,3/30/94,France,Ghisonaccia,Corsican National Liberation Front (FLNC),0,,,,,0,0,Police,,,Western Europe,Armed Assault,,,Firearms,,,,
1.99403E+11,3/30/94,France,Ghisonaccia,Corsican National Liberation Front (FLNC),0,,,,,0,0,Police,,,Western Europe,Armed Assault,,,Firearms,,,,
1.99403E+11,3/9/94,United States,Miami,Unknown,0,,,,,1,0,Private Citizens & Property,,,North America,Assassination,,,Firearms,,,,
1.99403E+11,3/4/94,United States,Green Bay,Aryan Republican Army,0,,,,,0,0,Business,,,North America,Hostage Taking (Barricade Incident),,,Firearms,,,,
1.99403E+11,3/1/94,United States,New York City,Anti-Semitic extremists,0,,,,,1,3,Private Citizens & Property,,,North America,Armed Assault,,,Firearms,,,,
1.99402E+11,2/25/94,France,Hyeres,Unknown,0,,,,,1,0,Government (General),,,Western Europe,Assassination,,,Firearms,,,,
1.99402E+11,2/15/94,United States,Davenport,Aryan Republican Army,0,,,,,0,0,Business,,,North America,Hostage Taking (Barricade Incident),,,Firearms,Fake Weapons,,,
1.99401E+11,1/25/94,United States,Ames,Aryan Republican Army,0,,,,,0,0,Business,,,North America,Hostage Taking (Barricade Incident),,,Firearms,Fake Weapons,,,
1.99212E+11,12/11/92,United States,San Diego,Unknown,0,,,,,0,0,Police,,,North America,Assassination,,,Firearms,,,,
1.99212E+11,12/2/92,France,Bastia,Unknown,0,,,,,1,0,Business,,,Western Europe,Assassination,,,Firearms,,,,
1.9921E+11,10/23/92,France,strasbourg,Kurdistan Workers' Party (PKK),0,,,,,0,0,Government (Diplomatic),,,Western Europe,Armed Assault,,,Melee,Firearms,,,
1.9921E+11,10/15/92,France,Paris,Unknown,0,,,,,1,1,Police,,,Western Europe,Assassination,,,Firearms,,,,
1.9921E+11,10/9/92,France,Vaulx-en-Velin,Unknown,0,,,,,0,0,Police,,,Western Europe,Assassination,,,Firearms,,,,
1.99208E+11,8/23/92,France,Santa-Reparata-di-Balagna,Unknown,0,,,,,2,0,Business,,,Western Europe,Assassination,,,Firearms,,,,
1.99207E+11,7/28/92,Australia,Melbourne,Unknown,0,,,,,1,1,Airports and Aircraft,,,Australasia & Oceania,Armed Assault,,,Firearms,,,,
1.99207E+11,7/16/92,France,Bordeaux,Unknown,0,,,,,1,0,Religious Figures/Institutions,,,Western Europe,Assassination,,,Firearms,,,,
1.99206E+11,6/16/92,France,Chauny,French National,0,,,,,1,0,Private Citizens & Property,,,Western Europe,Assassination,,,Firearms,,,,
1.99204E+11,4/15/92,United States,Hayward,Anti-Government Group,0,,,,,0,0,Government (General),,,North America,Armed Assault,,,Firearms,,,,
1.99203E+11,3/19/92,France,Bagnols Sur Ceze,Unknown,0,,,,,0,1,Government (General),,,Western Europe,Armed Assault,,,Firearms,,,,
1.99203E+11,3/19/92,France,Bagnols Sur Ceze,National Front Security Service,0,,,,,0,1,Government (General),,,Western Europe,Assassination,,,Firearms,,,,
1.99203E+11,3/11/92,United States,New York City,Medellin Drug Cartel,1,Cali Narcotics Cartel,1,,,1,0,Journalists & Media,,,North America,Assassination,,,Firearms,,,,
1.99202E+11,2/18/92,United States,Boston,Unknown,0,,,,,1,0,Educational Institution,,,North America,Assassination,,,Firearms,,,,
1.99202E+11,2/13/92,France,Lunghignano,Unknown,0,,,,,1,0,Police,,,Western Europe,Armed Assault,,,Firearms,,,,
1.99201E+11,1/14/92,United States,Houston,Anti-Abortion extremists,0,,,,,0,1,Abortion Related,,,North America,Assassination,,,Firearms,,,,
1.99201E+11,1/9/92,France,Ajaccio,Unknown,0,,,,,1,0,Private Citizens & Property,,,Western Europe,Assassination,,,Firearms,,,,
1.99201E+11,1/4/92,France,Ajaccio,Unknown,0,,,,,0,1,Private Citizens & Property,,,Western Europe,Assassination,,,Firearms,,,,
1.99112E+11,12/28/91,United States,Springfield,Anti-Abortion extremists,0,,,,,0,2,Abortion Related,,,North America,Armed Assault,,,Firearms,,,,
1.99108E+11,8/31/91,France,Ajaccio,Corsican National Liberation Front (FLNC),0,,,,,0,0,Government (General),,,Western Europe,Armed Assault,,,Firearms,,,,
1.99107E+11,7/11/91,France,Paris,Dev Sol,1,,,,,1,0,Government (General),,,Western Europe,Assassination,,,Firearms,,,,
1.99103E+11,3/15/91,United States,Miami,Tontons Macoutes,0,,,,,1,0,Journalists & Media,,,North America,Assassination,,,Firearms,,,,
1.99102E+11,2/18/91,United States,Miami,Tontons Macoutes,0,,,,,1,0,Journalists & Media,,,North America,Assassination,,,Firearms,,,,
1.99012E+11,12/31/90,France,Soveria,Corsican National Liberation Front (FLNC),1,,,,,1,0,Government (General),,,Western Europe,Assassination,,,Firearms,,,,
1.99012E+11,12/19/90,France,Ajaccio,Unknown,0,,,,,1,1,Government (General),,,Western Europe,Assassination,,,Firearms,,,,
1.99012E+11,12/6/90,France,Ajaccio,Corsican National Liberation Front (FLNC),0,,,,,0,1,Private Citizens & Property,,,Western Europe,Assassination,,,Firearms,,,,
1.99011E+11,11/28/90,France,Bastia,Corsican National Liberation Front (FLNC),0,,,,,0,0,Government (General),,,Western Europe,Facility/Infrastructure Attack,,,Firearms,,,,
1.99011E+11,11/27/90,France,Bastia,Corsican National Liberation Front (FLNC),0,,,,,0,0,Government (General),,,Western Europe,Facility/Infrastructure Attack,,,Firearms,,,,
1.99011E+11,11/5/90,United States,New York City,Muslim extremists,0,,,,,1,0,Terrorists/Non-state Militia,,,North America,Assassination,,,Firearms,,,,
1.9901E+11,10/27/90,France,Aubagne,Corsican National Liberation Front (FLNC),0,,,,,0,0,Business,,,Western Europe,Bombing/Explosion,,,Firearms,Explosives/Bombs/Dynamite,,,
1.9901E+11,10/23/90,France,Paris,Unknown,0,,,,,1,0,Private Citizens & Property,,,Western Europe,Assassination,,,Firearms,,,,
1.99009E+11,9/22/90,United States,Bailey's Crossroads,Unknown,0,,,,,2,0,Journalists & Media,,,North America,Assassination,,,Firearms,,,,
1.99006E+11,6/10/90,United States,Nashville,Ku Klux Klan,0,,,,,0,0,Religious Figures/Institutions,,,North America,Facility/Infrastructure Attack,,,Firearms,,,,
1.99005E+11,5/31/90,France,Golfe Juan,Unknown,0,,,,,0,1,Government (General),,,Western Europe,Assassination,,,Firearms,,,,
1.99002E+11,2/8/90,United States,Knoxville,Unknown,0,,,,,1,0,Educational Institution,,,North America,Assassination,,,Firearms,,,,
1.99001E+11,1/14/90,France,Bastia,Corsican National Liberation Front (FLNC),0,,,,,0,0,Business,,,Western Europe,Hostage Taking (Barricade Incident),,,Firearms,Incendiary,,,
1.98911E+11,11/22/89,United States,Seven Corners,Unknown,0,,,,,1,0,Journalists & Media,,,North America,Assassination,,,Firearms,,,,
1.9891E+11,10/7/89,France,Libourne,Action Directe,0,,,,,1,0,Military,,,Western Europe,Hostage Taking (Kidnapping),,,Firearms,,,,
1.98908E+11,8/20/89,United States,Fresno,Unknown,0,,,,,0,1,Private Citizens & Property,,,North America,Assassination,,,Firearms,,,,
1.98908E+11,8/19/89,United States,Fresno,Unknown,0,,,,,0,1,Private Citizens & Property,,,North America,Assassination,,,Firearms,,,,
1.98901E+11,1/30/89,Australia,Sydney,Unknown,0,,,,,0,0,Violent Political Party,,,Australasia & Oceania,Armed Assault,,,Firearms,,,,
1.98809E+11,9/14/88,United States,Richmond,Lebanese Man,0,,,,,0,0,Military,,,North America,Hostage Taking (Barricade Incident),,,Firearms,,,,
1.98809E+11,9/7/88,France,Paris,Jewish Defense Organization,0,,,,,0,0,Government (General),,,Western Europe,Armed Assault,,,Firearms,,,,
1.98803E+11,3/30/88,France,Marseilles,Unknown,0,,,,,0,0,Government (Diplomatic),,,Western Europe,Armed Assault,,,Firearms,,,,
1.98803E+11,3/29/88,France,Marseilles,Unknown,0,,,,,0,0,Government (Diplomatic),,,Western Europe,Facility/Infrastructure Attack,,,Firearms,,,,
1.98803E+11,3/29/88,France,Paris,Unknown,0,,,,,1,0,Violent Political Party,,,Western Europe,Armed Assault,,,Firearms,,,,
1.98803E+11,3/29/88,France,Paris,Unknown,0,,,,,1,0,Violent Political Party,,,Western Europe,Assassination,,,Firearms,,,,
1.98803E+11,3/8/88,France,Ajaccio,Corsican National Liberation Front (FLNC),0,,,,,1,0,Police,,,Western Europe,Bombing/Explosion,,,Firearms,,,,
1.98803E+11,3/8/88,France,Bastia,Corsican National Liberation Front (FLNC),0,,,,,1,0,Police,,,Western Europe,Assassination,,,Firearms,,,,
1.98802E+11,2/19/88,France,Boucau,Iparretarrak (IK),0,,,,,0,2,Police,,,Western Europe,Armed Assault,,,Firearms,,,,
1.98802E+11,2/6/88,United States,Boulder,Anti-Abortion extremists,0,,,,,0,0,Abortion Related,,,North America,Facility/Infrastructure Attack,,,Firearms,,,,
1.98801E+11,1/4/88,France,Paris,Kurdistan Workers' Party (PKK),1,,,,,1,0,Government (Diplomatic),,,Western Europe,Assassination,,,Firearms,,,,
1.9871E+11,10/18/87,France,Ajaccio,Corsican National Liberation Front (FLNC),0,,,,,0,0,Private Citizens & Property,,,Western Europe,Facility/Infrastructure Attack,,,Firearms,Incendiary,,,
1.9871E+11,10/18/87,France,Ajaccio,Corsican National Liberation Front (FLNC),0,,,,,0,0,Private Citizens & Property,,,Western Europe,Facility/Infrastructure Attack,,,Firearms,Incendiary,,,
1.98709E+11,9/5/87,France,Saint-Cyprien,Corsican National Liberation Front (FLNC),0,,,,,0,0,Business,,,Western Europe,Bombing/Explosion,,,Explosives/Bombs/Dynamite,Firearms,,,
1.98708E+11,8/4/87,France,Bastia,Corsican National Liberation Front (FLNC),0,,,,,1,3,Police,,,Western Europe,Armed Assault,,,Firearms,,,,
1.98707E+11,7/25/87,France,Capi di Muro,Unknown,0,,,,,0,0,Private Citizens & Property,,,Western Europe,Bombing/Explosion,,,Explosives/Bombs/Dynamite,Firearms,,,
1.98706E+11,6/16/87,France,Ajaccio,Corsican National Liberation Front (FLNC),0,,,,,1,0,NGO,,,Western Europe,Assassination,,,Firearms,,,,
1.98702E+11,2/14/87,France,Paris,Red Brigades Fighting Communist Party (BR-PCC),0,,,,,2,0,Government (General),,,Western Europe,Armed Assault,,,Firearms,,,,
1.98612E+11,12/14/86,United States,New York City,Anti-Abortion extremists,0,,,,,0,0,Abortion Related,,,North America,Bombing/Explosion,Armed Assault,,Explosives/Bombs/Dynamite,Firearms,Other,,
1.98612E+11,12/12/86,France,Pau,Iparretarrak (IK),0,,,,,0,0,Police,,,Western Europe,Armed Assault,,,Firearms,,,,
1.98611E+11,11/17/86,France,Paris,Action Directe,0,,,,,0,0,Business,,,Western Europe,Assassination,,,Firearms,,,,
1.98607E+11,7/25/86,France,Bayonne,Basque Fatherland and Freedom (ETA),0,,,,,0,1,Government (General),,,Western Europe,Bombing/Explosion,,,Explosives/Bombs/Dynamite,Explosives/Bombs/Dynamite,Firearms,Firearms,
1.98606E+11,6/30/86,France,Paris,Unknown,0,,,,,1,1,Private Citizens & Property,,,Western Europe,Assassination,,,Firearms,,,,
1.98605E+11,5/16/86,France,Paris,Action Directe,0,,,,,0,1,Police,,,Western Europe,Bombing/Explosion,,,Explosives/Bombs/Dynamite,Firearms,,,
1.98604E+11,4/29/86,United States,San Juan,Organization of Volunteers for the Puerto Rican Revolution,0,,,,,1,0,Police,,,North America,Assassination,,,Firearms,,,,
1.98604E+11,4/25/86,France,Ecully,Unknown,0,,,,,1,0,Business,,,Western Europe,Assassination,,,Firearms,,,,
1.98604E+11,4/15/86,France,Le Vesinet,Action Directe,0,,,,,2,0,Private Citizens & Property,,,Western Europe,Assassination,,,Firearms,,,,
1.98603E+11,3/18/86,United States,Westminster,Vietnamese Refugees,0,,,,,0,1,Private Citizens & Property,,,North America,Assassination,,,Firearms,,,,
1.98602E+11,2/8/86,France,Bayonne,Unknown,0,,,,,0,5,Business,,,Western Europe,Armed Assault,,,Firearms,,,,
1.98511E+11,11/6/85,United States,San Juan,Organization of Volunteers for the Puerto Rican Revolution,0,,,,,0,1,Military,,,North America,Assassination,,,Firearms,,,,
1.98509E+11,9/25/85,France,Bayonne,Anti-Terrorist Liberation Group (GAL),0,,,,,4,0,Private Citizens & Property,,,Western Europe,Assassination,,,Firearms,,,,
1.98508E+11,8/12/85,France,Paris,Unknown,0,,,,,0,1,Religious Figures/Institutions,,,Western Europe,Hostage Taking (Barricade Incident),,,Firearms,,,,
1.98508E+11,8/4/85,France,Saint-Jean-Pied-de-Port,Anti-Terrorist Liberation Group (GAL),0,,,,,1,0,Terrorists/Non-state Militia,,,Western Europe,Assassination,,,Firearms,,,,
1.98506E+11,6/26/85,France,Neuilly-sur-Seine,Unknown,0,,,,,0,1,Military,,,Western Europe,Assassination,,,Firearms,,,,
1.98506E+11,6/26/85,France,Bayonne,Anti-Terrorist Liberation Group (GAL),0,,,,,1,0,Private Citizens & Property,,,Western Europe,Assassination,,,Firearms,,,,
1.98503E+11,3/31/85,France,Saint-Jean-de-Luz,Anti-Terrorist Liberation Group (GAL),0,,,,,1,0,Terrorists/Non-state Militia,,,Western Europe,Assassination,,,Firearms,,,,
1.98501E+11,1/25/85,France,Paris,Action Directe,0,,,,,1,0,Government (General),,,Western Europe,Assassination,,,Firearms,,,,
1.98412E+11,12/2/84,France,Bastia,Unknown,0,,,,,1,2,Police,,,Western Europe,Armed Assault,,,Firearms,,,,
1.98412E+11,12/2/84,France,Borgo,Unknown,0,,,,,0,0,Police,,,Western Europe,Armed Assault,,,Firearms,,,,
1.98412E+11,12/2/84,France,L'Ile-Rousse,Unknown,0,,,,,0,0,Police,,,Western Europe,Armed Assault,,,Firearms,Unknown,,,
1.98412E+11,12/2/84,France,Solenzara,Unknown,0,,,,,0,0,Police,,,Western Europe,Armed Assault,,,Firearms,,,,
1.98407E+11,7/31/84,France,Paris,Guardsmen of Islam,0,,,,,0,0,Airports and Aircraft,,,Western Europe,Hijacking,,,Explosives/Bombs/Dynamite,Melee,Firearms,Firearms,
1.98407E+11,7/19/84,United States,Ukiah,The Order (Silent Brotherhood),0,,,,,0,0,Business,,,North America,Facility/Infrastructure Attack,Armed Assault,,Firearms,Firearms,Firearms,,
1.98406E+11,6/18/84,United States,Denver,The Order (Silent Brotherhood),0,,,,,1,0,Journalists & Media,,,North America,Assassination,,,Firearms,,,,
1.98406E+11,6/7/84,France,Ajaccio,Corsican National Liberation Front (FLNC),0,,,,,2,0,Police,,,Western Europe,Bombing/Explosion,,,Unknown,Firearms,Explosives/Bombs/Dynamite,Firearms,
1.98405E+11,5/28/84,United States,San Francisco,Vietnamese Organization to Exterminate Communists and Restore the Nation,0,,,,,1,1,Private Citizens & Property,,,North America,Assassination,,,Firearms,,,,
1.98405E+11,5/3/84,France,Saint-Etienne-de-Baigorry,Anti-Terrorist Liberation Group (GAL),1,,,,,2,1,Terrorists/Non-state Militia,,,Western Europe,Assassination,,,Firearms,,,,
1.98404E+11,4/23/84,United States,Seattle,The Order (Silent Brotherhood),0,,,,,0,0,Business,,,North America,Facility/Infrastructure Attack,Armed Assault,,Firearms,Firearms,Firearms,,
1.98404E+11,4/23/84,France,Biarritz,Anti-Terrorist Liberation Group (GAL),1,,,,,1,0,Private Citizens & Property,,,Western Europe,Assassination,,,Firearms,,,,
1.98403E+11,3/26/84,France,Strasbourg,Lebanese Armed Revolutionary Faction (LARF),0,,,,,0,1,Government (Diplomatic),,,Western Europe,Assassination,,,Firearms,,,,
1.98403E+11,3/16/84,United States,Seattle,The Order (Silent Brotherhood),0,,,,,0,0,Business,,,North America,Facility/Infrastructure Attack,Armed Assault,,Firearms,,,,
1.98402E+11,2/25/84,France,Idaux-Mendy,Anti-Terrorist Liberation Group (GAL),0,,,,,1,0,Terrorists/Non-state Militia,,,Western Europe,Assassination,,,Firearms,,,,
1.98402E+11,2/8/84,France,Paris,Abu Nidal Organization (ANO),0,,,,,1,0,Government (Diplomatic),,,Western Europe,Assassination,,,Firearms,,,,
1.98402E+11,2/7/84,France,Hendaye,Anti-Terrorist Liberation Group (GAL),0,,,,,2,0,Terrorists/Non-state Militia,,,Western Europe,Assassination,,,Firearms,,,,
1.98401E+11,1/30/84,United States,Spokane,The Order (Silent Brotherhood),0,,,,,0,0,Business,,,North America,Hostage Taking (Barricade Incident),Armed Assault,,Firearms,,,,
1.98312E+11,12/28/83,France,Saint-Jean-de-Luz,Anti-Terrorist Liberation Group (GAL),0,,,,,1,0,Terrorists/Non-state Militia,,,Western Europe,Assassination,,,Firearms,,,,
1.98312E+11,12/19/83,France,Bayonne,Anti-Terrorist Liberation Group (GAL),0,,,,,1,0,Terrorists/Non-state Militia,,,Western Europe,Assassination,,,Firearms,,,,
1.98311E+11,11/11/83,United States,Texarkana,"Covenant, Sword and the Arm of the Lord (CSA)",0,,,,,1,0,Business,Private Citizens & Property,,North America,Armed Assault,Facility/Infrastructure Attack,,Firearms,,,,
1.9831E+11,10/28/83,United States,Spokane,The Order (Silent Brotherhood),0,,,,,0,2,Business,,,North America,Facility/Infrastructure Attack,Armed Assault,,Firearms,Melee,Melee,,
1.98309E+11,9/21/83,United States,New York City,Unknown,0,,,,,1,0,Journalists & Media,,,North America,Assassination,,,Firearms,,,,
1.98308E+11,8/27/83,France,Paris,Iraqi Moslems,0,,,,,0,0,Airports and Aircraft,,,Western Europe,Hijacking,,,Firearms,Explosives/Bombs/Dynamite,,,
1.98307E+11,7/15/83,United States,Rio Piedras,Macheteros,1,,,,,1,0,Business,,,North America,Hostage Taking (Barricade Incident),,,Firearms,,,,
1.98304E+11,4/29/83,United States,Unknown,Macheteros,1,,,,,0,0,Business,,,North America,Hostage Taking (Barricade Incident),,,Firearms,,,,
1.98304E+11,4/9/83,France,Marseilles,Polish,0,,,,,0,0,Airports and Aircraft,,,Western Europe,Facility/Infrastructure Attack,,,Firearms,,,,
1.98304E+11,4/8/83,France,Marseilles,Polish,0,,,,,0,0,Government (Diplomatic),,,Western Europe,Facility/Infrastructure Attack,,,Firearms,,,,
1.98302E+11,2/15/83,United States,Killeen,Iranian extremists,0,,,,,0,0,Airports and Aircraft,,,North America,Hijacking,,,Firearms,,,,
1.98302E+11,2/13/83,United States,Medina,Posse Comitatus,0,,,,,2,1,Police,,,North America,Armed Assault,,,Firearms,,,,
1.98301E+11,1/12/83,France,Oletta,Corsican Separatists,0,,,,,0,0,Educational Institution,,,Western Europe,Bombing/Explosion,,,Explosives/Bombs/Dynamite,Firearms,,,
1.98301E+11,1/4/83,France,Ajaccio,Corsican Revolutionary Brigade,1,,,,,0,1,Police,,,Western Europe,Assassination,,,Firearms,,,,
1.98211E+11,11/16/82,United States,Carolina,Macheteros,0,,,,,1,0,Business,Business,,North America,Hostage Taking (Barricade Incident),,,Firearms,,,,
1.98209E+11,9/1/82,United States,Naranjito,Macheteros,0,,,,,0,0,Business,,,North America,Armed Assault,,,Firearms,Firearms,,,
1.98208E+11,8/13/82,United States,Edwardsville,Army of God,0,,,,,0,0,Abortion Related,,,North America,Hostage Taking (Kidnapping),,,Firearms,,,,
1.98208E+11,8/12/82,France,Paris,Terrorists,0,,,,,0,0,Police,,,Western Europe,Assassination,,,Firearms,,,,
1.98208E+11,8/9/82,France,Paris,Abu Nidal Organization (ANO),1,,,,,6,22,Business,,,Western Europe,Bombing/Explosion,,,Firearms,Explosives/Bombs/Dynamite,,,
1.98208E+11,8/2/82,United States,Houston,Vietnamese Organization to Exterminate Communists and Restore the Nation,0,,,,,1,0,Journalists & Media,,,North America,Assassination,,,Firearms,,,,
1.98208E+11,8/1/82,France,Paris,Action Directe,0,,,,,0,0,Government (Diplomatic),,,Western Europe,Armed Assault,,,Firearms,,,,
1.98206E+11,6/3/82,France,Toulouse,Survivors of Golfech,0,,,,,Unknown,Unknown,Government (General),,,Western Europe,Armed Assault,,,Firearms,,,,
1.98205E+11,5/28/82,France,Paris,Action Directe,0,,,,,0,0,Business,,,Western Europe,Facility/Infrastructure Attack,,,Firearms,,,,
1.98205E+11,5/25/82,United States,San German,Grupo Estrella,0,,,,,0,1,Military,,,North America,Hostage Taking (Kidnapping),Facility/Infrastructure Attack,,Firearms,,,,
1.98205E+11,5/18/82,United States,San Juan,Macheteros,0,,,,,1,2,Police,,,North America,Assassination,,,Firearms,,,,
1.98205E+11,5/16/82,United States,San Juan,Macheteros,0,,,,,1,3,Military,,,North America,Assassination,,,Firearms,,,,
1.98205E+11,5/4/82,United States,Somerville,Justice Commandos for the Armenian Genocide,0,,,,,1,0,Government (Diplomatic),,,North America,Assassination,,,Firearms,Firearms,,,
1.98204E+11,4/3/82,France,Paris,Lebanese Armed Revolutionary Faction (LARF),0,,,,,1,0,Government (Diplomatic),,,Western Europe,Assassination,,,Firearms,,,,
1.98203E+11,3/31/82,France,Paris,Palestine Liberation Organization (PLO),0,,,,,0,0,Government (Diplomatic),,,Western Europe,Armed Assault,,,Firearms,Firearms,,,
1.98202E+11,2/21/82,United States,MIami,Omega-7,0,,,,,0,0,Business,,,North America,Armed Assault,,,Firearms,,,,
1.98201E+11,1/28/82,United States,Los Angeles,Justice Commandos for the Armenian Genocide,0,,,,,1,0,Government (Diplomatic),,,North America,Assassination,,,Firearms,,,,
1.98201E+11,1/18/82,France,Paris,Lebanese Armed Revolutionary Faction (LARF),0,,,,,1,0,Government (Diplomatic),,,Western Europe,Assassination,,,Firearms,,,,
1.98201E+11,1/16/82,United States,Jackson,Ku Klux Klan,0,,,,,0,0,Journalists & Media,,,North America,Facility/Infrastructure Attack,,,Firearms,,,,
1.98112E+11,12/21/81,United States,Metter,May 19 Communist Order,0,,,,,0,0,Business,,,North America,Hostage Taking (Barricade Incident),,,Firearms,,,,
1.98111E+11,11/27/81,United States,San Juan,Macheteros,0,,,,,0,1,Military,,,North America,Armed Assault,,,Firearms,,,,
1.98111E+11,11/23/81,United States,Arlington,May 19 Communist Order,0,,,,,0,0,Business,Business,,North America,Hostage Taking (Barricade Incident),,,Firearms,,,,
1.98111E+11,11/14/81,United States,Glen Cove,Jewish Defense League (JDL),0,,,,,0,0,Government (Diplomatic),,,North America,Armed Assault,,,Firearms,,,,
1.98111E+11,11/13/81,France,Paris,Armenian Secret Army for the Liberation of Armenia,0,,,,,0,1,Police,,,Western Europe,Assassination,,,Firearms,,,,
1.98111E+11,11/12/81,France,Paris,Lebanese Armed Revolutionary Faction (LARF),0,,,,,0,0,Government (Diplomatic),,,Western Europe,Assassination,,,Firearms,,,,
1.98111E+11,11/5/81,United States,San Juan,Unknown,0,,,,,0,0,Business,,,North America,Armed Assault,,,Firearms,,,,
1.9811E+11,10/21/81,France,Marseilles,22-Jan,0,,,,,1,0,Government (General),,,Western Europe,Assassination,,,Firearms,,,,
1.9811E+11,10/6/81,United States,Langley Park,Unknown,0,,,,,1,0,Private Citizens & Property,,,North America,Armed Assault,,,Firearms,,,,
1.98109E+11,9/24/81,France,Paris,Armenian Secret Army for the Liberation of Armenia,0,,,,,1,3,Government (Diplomatic),,,Western Europe,Hostage Taking (Barricade Incident),,,Explosives/Bombs/Dynamite,Firearms,Firearms,Explosives/Bombs/Dynamite,
1.98108E+11,8/17/81,United States,San Juan,Unknown,0,,,,,1,1,Military,,,North America,Assassination,,,Firearms,,,,
1.98108E+11,8/7/81,United States,Washington,Mujahedin-e Khalq (MEK),0,,,,,0,3,Government (Diplomatic),,,North America,Armed Assault,,,Firearms,,,,
1.98108E+11,8/4/81,France,Paris,2nd of June Movement,0,,,,,0,1,Police,,,Western Europe,Assassination,,,Firearms,,,,
1.98107E+11,7/21/81,United States,San Francisco,Anti-Communist Viets Organization,1,Vietnamese Organization to Exterminate Communists and Restore the Nation,1,,,1,0,Journalists & Media,,,North America,Assassination,,,Firearms,,,,
1.98107E+11,7/17/81,United States,Ogden,Qaddaffis,0,,,,,1,0,Private Citizens & Property,,,North America,Assassination,,,Firearms,,,,
1.98106E+11,6/2/81,United States,New York City,May 19 Communist Order,0,,,,,1,1,Business,Business,,North America,Hostage Taking (Barricade Incident),,,Firearms,Firearms,,,
1.98105E+11,5/10/81,France,Paris,Pessach Group,0,,,,,0,0,Airports and Aircraft,,,Western Europe,Armed Assault,,,Firearms,,,,
1.98105E+11,5/5/81,United States,Carolina,Unknown,0,,,,,0,1,Government (General),,,North America,Assassination,,,Firearms,,,,
1.98105E+11,5/3/81,France,Paris,Pessach Group,0,,,,,0,0,Business,,,Western Europe,Armed Assault,,,Firearms,,,,
1.98105E+11,5/1/81,United States,San Juan,Unknown,0,,,,,0,0,Government (General),,,North America,Armed Assault,,,Firearms,,,,
1.98104E+11,4/23/81,France,Paris,Spanish Basque Battalion (BBE) (rightist),0,,,,,0,1,Terrorists/Non-state Militia,,,Western Europe,Assassination,,,Firearms,,,,
1.98104E+11,4/21/81,United States,Santurce,Macheteros,0,,,,,0,0,Business,,,North America,Hostage Taking (Barricade Incident),,,Firearms,,,,
1.98104E+11,4/21/81,United States,Miami,Unknown,0,,,,,0,1,Journalists & Media,,,North America,Assassination,,,Firearms,,,,
1.98104E+11,4/11/81,United States,San Francisco,Unknown,0,,,,,0,0,Government (Diplomatic),,,North America,Armed Assault,,,Firearms,,,,
1.98103E+11,3/23/81,United States,Danbury,May 19 Communist Order,0,,,,,0,1,Business,Business,,North America,Hostage Taking (Barricade Incident),,,Firearms,Firearms,,,
1.98103E+11,3/21/81,France,Saint-Jean-de-Luz,Spanish Basque Battalion (BBE) (rightist),0,,,,,0,2,Terrorists/Non-state Militia,,,Western Europe,Armed Assault,,,Firearms,,,,
1.98103E+11,3/4/81,France,Paris,Armenian Secret Army for the Liberation of Armenia,0,,,,,2,0,Government (Diplomatic),Government (Diplomatic),Government (Diplomatic),Western Europe,Assassination,,,Firearms,Firearms,,,
1.98102E+11,2/13/81,United States,Memphis,Ku Klux Klan,0,,,,,0,0,Private Citizens & Property,,,North America,Hostage Taking (Kidnapping),Armed Assault,,Firearms,,,,
1.98101E+11,1981-01-00,United States,Ponce,Macheteros,0,,,,,Unknown,Unknown,Business,,,North America,Armed Assault,,,Firearms,,,,
1.98012E+11,12/30/80,France,Ciboure,Spanish Basque Battalion (BBE) (rightist),0,,,,,1,0,Terrorists/Non-state Militia,,,Western Europe,Assassination,,,Explosives/Bombs/Dynamite,Firearms,,,
1.98012E+11,12/17/80,Australia,Sydney,Justice Commandos for the Armenian Genocide,0,,,,,2,0,Military,,,Australasia & Oceania,Assassination,,,Firearms,,,,
1.98011E+11,11/25/80,France,Paris,Unknown,0,,,,,2,1,Business,,,Western Europe,Assassination,,,Firearms,,,,
1.98011E+11,11/23/80,France,Hendaye,Spanish Basque Battalion (BBE) (rightist),0,,,,,2,10,Business,,,Western Europe,Armed Assault,,,Firearms,,,,
1.98011E+11,11/21/80,United States,San Juan,Unknown,0,,,,,0,0,Business,,,North America,Hostage Taking (Barricade Incident),,,Firearms,,,,
1.98011E+11,11/6/80,Australia,Sydney,Unknown,0,,,,,0,1,Government (Diplomatic),,,Australasia & Oceania,Armed Assault,,,Firearms,,,,
1.98011E+11,11/1/80,United States,Youngstown,White extremists,0,,,,,1,0,Private Citizens & Property,,,North America,Armed Assault,,,Firearms,,,,
1.9801E+11,10/14/80,United States,Fort Collins,Gaddafi loyalists,0,,,,,1,0,Private Citizens & Property,,,North America,Assassination,,,Firearms,,,,
1.9801E+11,10/1/80,France,Paris,Unknown,0,,,,,0,0,Religious Figures/Institutions,,,Western Europe,Armed Assault,,,Firearms,,,,
1.9801E+11,10/1/80,France,Paris,Unknown,0,,,,,0,0,Religious Figures/Institutions,,,Western Europe,Armed Assault,,,Firearms,,,,
1.9801E+11,10/1/80,France,Paris,Unknown,0,,,,,0,0,Private Citizens & Property,,,Western Europe,Armed Assault,,,Firearms,,,,
1.9801E+11,1980-10-00,France,Paris,Unknown,0,,,,,0,0,Educational Institution,,,Western Europe,Armed Assault,,,Firearms,,,,
1.98009E+11,9/26/80,France,Paris,Armenian Secret Army for the Liberation of Armenia,0,,,,,0,1,Government (Diplomatic),,,Western Europe,Assassination,,,Firearms,,,,
1.98009E+11,9/19/80,France,Paris,Action Directe,0,,,,,0,0,Military,,,Western Europe,Armed Assault,,,Firearms,,,,
1.98009E+11,9/12/80,United States,New York City,Omega-7,0,,,,,1,0,Government (Diplomatic),,,North America,Assassination,,,Firearms,,,,
1.98008E+11,8/20/80,United States,Salt Lake City,White extremists,0,,,,,2,1,Private Citizens & Property,,,North America,Armed Assault,,,Firearms,,,,
1.98008E+11,8/5/80,France,Lyon,Armenian Secret Army for the Liberation of Armenia,0,,,,,0,4,Government (Diplomatic),Government (Diplomatic),,Western Europe,Armed Assault,,,Firearms,,,,
1.98008E+11,8/5/80,France,Lyon,Unknown,0,,,,,0,4,Government (Diplomatic),,,Western Europe,Assassination,,,Firearms,,,,
1.98008E+11,8/4/80,United States,Detroit,Ku Klux Klan,0,,,,,0,0,Private Citizens & Property,,,North America,Armed Assault,,,Firearms,Firearms,,,
1.98007E+11,7/31/80,United States,Los Angeles,Black American Moslems,0,,,,,1,0,Private Citizens & Property,,,North America,Assassination,,,Firearms,,,,
1.98007E+11,7/22/80,United States,Bethesda,Black Muslims,0,,,,,1,0,Private Citizens & Property,,,North America,Assassination,,,Firearms,,,,
1.98007E+11,7/21/80,France,Paris,Unknown,0,,,,,1,0,Government (General),,,Western Europe,Assassination,,,Firearms,,,,
1.98007E+11,7/18/80,France,Paris,Guardsmen of Islam,0,,,,,3,3,Government (General),,,Western Europe,Assassination,,,Firearms,,,,
1.98006E+11,6/15/80,United States,Johnstown,White extremists,0,,,,,2,0,Private Citizens & Property,,,North America,Armed Assault,,,Firearms,,,,
1.98006E+11,6/8/80,United States,Cincinnati,White extremists,0,,,,,2,0,Private Citizens & Property,,,North America,Armed Assault,,,Firearms,,,,
1.98005E+11,5/29/80,United States,Fort Wayne,White extremists,0,,,,,0,1,NGO,,,North America,Assassination,,,Firearms,,,,
1.98005E+11,5/14/80,France,Paris,Corsican National Liberation Front (FLNC),0,,,,,Unknown,4,Police,,,Western Europe,Bombing/Explosion,,,Firearms,Explosives/Bombs/Dynamite,,,
1.98005E+11,1980-05-00,United States,Tomah,White extremists,0,,,,,1,0,Private Citizens & Property,,,North America,Armed Assault,,,Firearms,,,,
1.98004E+11,4/22/80,United States,Inwood,May 19 Communist Order,0,,,,,0,0,Business,Business,,North America,Armed Assault,,,Firearms,,,,
1.98004E+11,4/19/80,United States,Chattanooga,Ku Klux Klan,0,,,,,0,4,Private Citizens & Property,,,North America,Armed Assault,,,Firearms,,,,
1.98004E+11,4/19/80,United States,Wrightsville,Ku Klux Klan,1,,,,,0,1,Private Citizens & Property,,,North America,Armed Assault,,,Firearms,,,,
1.98003E+11,3/18/80,France,Paris,Action Directe,0,,,,,0,0,Government (General),,,Western Europe,Armed Assault,,,Firearms,,,,
1.98003E+11,3/15/80,United States,Chicago,Fuerzas Armadas de Liberacion Nacional (FALN),0,,,,,0,0,Government (General),,,North America,Hostage Taking (Kidnapping),,,Firearms,Firearms,,,
1.98003E+11,3/15/80,United States,New York City,Fuerzas Armadas de Liberacion Nacional (FALN),0,,,,,0,0,Government (General),,,North America,Hostage Taking (Kidnapping),,,Firearms,Firearms,,,
1.98003E+11,3/12/80,United States,San Juan,Macheteros,0,,,,,0,1,Military,,,North America,Armed Assault,,,Firearms,,,,
1.98002E+11,2/21/80,United States,New York City,Unknown,0,,,,,0,0,Government (Diplomatic),,,North America,Armed Assault,,,Firearms,,,,
1.98002E+11,2/20/80,United States,Greenburgh,May 19 Communist Order,0,,,,,0,0,Business,Business,,North America,Hostage Taking (Barricade Incident),,,Firearms,,,,
1.98002E+11,2/17/80,United States,Barnegat,Ku Klux Klan,1,,,,,0,Unknown,Private Citizens & Property,,,North America,Armed Assault,,,Firearms,,,,
1.98002E+11,2/1/80,France,Paris,Autonomous Revolutionary Brigade,0,,,,,1,0,Government (General),,,Western Europe,Assassination,,,Firearms,,,,
1.98001E+11,1/25/80,United States,Atlanta,Black American Moslems,0,,,,,0,0,Airports and Aircraft,,,North America,Hijacking,,,Firearms,,,,
1.98001E+11,1/17/80,France,Paris,Abu Nidal Organization (ANO),0,,,,,1,0,Private Citizens & Property,,,Western Europe,Assassination,,,Firearms,,,,
1.98001E+11,1/14/80,United States,Indianapolis,White extremists,0,,,,,1,0,Private Citizens & Property,,,North America,Armed Assault,,,Firearms,,,,
1.98001E+11,1/12/80,United States,Indianapolis,White extremists,0,,,,,1,0,Private Citizens & Property,,,North America,Armed Assault,,,Firearms,,,,
1.98001E+11,1/9/80,France,Ajaccio,Union Du People Corse,0,,,,,Unknown,Unknown,Business,,,Western Europe,Armed Assault,,,Firearms,Firearms,,,
1.97912E+11,12/22/79,France,Paris,Justice Commandos for the Armenian Genocide,0,,,,,1,0,Government (Diplomatic),,,Western Europe,Assassination,,,Firearms,,,,
1.97912E+11,12/22/79,France,Paris,New Armenian Resistance,0,,,,,1,0,Government (General),,,Western Europe,Assassination,,,Firearms,,,,
1.97912E+11,12/9/79,United States,Cieba,Puerto Rican Nationalists,0,,,,,0,2,Military,,,North America,Armed Assault,,,Firearms,,,,
1.97912E+11,12/7/79,France,Paris,Muslim Liberation Front,0,,,,,1,0,Military,,,Western Europe,Assassination,,,Firearms,,,,
1.97912E+11,12/3/79,United States,San Juan,Fuerzas Armadas de Liberacion Nacional (FALN),0,,,,,2,8,Military,,,North America,Armed Assault,,,Firearms,,,,
1.97911E+11,11/25/79,United States,Union City,Omega-7,0,,,,,1,0,Private Citizens & Property,,,North America,Assassination,,,Firearms,,,,
1.97911E+11,11/3/79,United States,Greensboro,Ku Klux Klan,0,,,,,5,10,Private Citizens & Property,,,North America,Armed Assault,,,Firearms,,,,
1.9791E+11,10/21/79,United States,Oklahoma City,White extremists,0,,,,,2,0,Private Citizens & Property,,,North America,Armed Assault,,,Firearms,,,,
1.9791E+11,10/2/79,United States,Cieba,Armed Forces of Popular Resistance (FARP),0,,,,,0,0,Business,,,North America,Hostage Taking (Barricade Incident),,,Firearms,Firearms,,,
1.97909E+11,9/20/79,France,Paris,Honour of the Police,0,,,,,1,0,Terrorists/Non-state Militia,,,Western Europe,Assassination,,,Firearms,,,,
1.97909E+11,9/16/79,France,Paris,Autonomous Group for Armed Action,0,,,,,0,0,Government (General),,,Western Europe,Armed Assault,,,Firearms,,,,
1.97909E+11,9/14/79,France,Biarritz,Spanish National Action,0,,,,,1,0,Terrorists/Non-state Militia,,,Western Europe,Assassination,,,Firearms,,,,
1.97909E+11,9/11/79,United States,Paramus,May 19 Communist Order,0,,,,,0,0,Business,Business,,North America,Armed Assault,,,Firearms,,,,
1.97908E+11,8/29/79,France,Valenciennes,Unknown,0,,,,,0,0,Government (General),,,Western Europe,Armed Assault,,,Firearms,Melee,,,
1.97908E+11,8/18/79,United States,Falls Church,White extremists,0,,,,,1,0,Private Citizens & Property,,,North America,Armed Assault,,,Firearms,,,,
1.97908E+11,8/17/79,France,Paris,Unknown,0,,,,,0,1,Government (General),,,Western Europe,Assassination,,,Firearms,,,,
1.97907E+11,7/12/79,United States,Doraville,White extremists,0,,,,,1,0,Private Citizens & Property,,,North America,Armed Assault,,,Firearms,,,,
1.97907E+11,7/2/79,France,Urrugne,Basque Justice,0,,,,,0,0,Transportation,,,Western Europe,Armed Assault,,,Firearms,,,,
1.97906E+11,6/29/79,France,Paris,Unknown,0,,,,,1,0,Terrorists/Non-state Militia,,,Western Europe,Assassination,,,Firearms,,,,
1.97906E+11,6/29/79,France,Choisy-le Roi,Unknown,0,,,,,1,0,Terrorists/Non-state Militia,,,Western Europe,Assassination,,,Firearms,,,,
1.97906E+11,6/26/79,France,Bayonne,Unknown,0,,,,,1,0,Terrorists/Non-state Militia,,,Western Europe,Assassination,,,Firearms,,,,
1.97906E+11,6/21/79,France,Paris,Unknown,0,,,,,1,1,Government (Diplomatic),,,Western Europe,Assassination,,,Firearms,,,,
1.97906E+11,6/4/79,France,Ajaccio,Students,0,,,,,0,0,Police,,,Western Europe,Armed Assault,,,Incendiary,Firearms,,,
1.97905E+11,5/26/79,United States,Decatur,Ku Klux Klan,0,,,,,0,9,Private Citizens & Property,Police,,North America,Armed Assault,,,Firearms,Melee,Melee,,
1.97905E+11,5/17/79,United States,Kailua,Hawaiian extremists,0,,,,,1,1,Military,,,North America,Armed Assault,,,Firearms,,,,
1.97905E+11,5/4/79,France,Biarritz,Unknown,0,,,,,0,1,Terrorists/Non-state Militia,,,Western Europe,Assassination,,,Firearms,,,,
1.97904E+11,4/28/79,United States,San Juan,Omega-7,0,,,,,1,0,Business,,,North America,Assassination,,,Firearms,,,,
1.97904E+11,4/8/79,United States,San Juan,Omega-7,0,,,,,1,0,Business,,,North America,Assassination,,,Firearms,,,,
1.97902E+11,2/10/79,United States,Sabana Seca,ROSADO-SOTO Command,0,,,,,0,0,Military,,,North America,Armed Assault,,,Firearms,,,,
1.97901E+11,1/13/79,France,Saint-Jean-de-Luz,Basque Fatherland and Freedom (ETA),1,,,,,0,1,Terrorists/Non-state Militia,,,Western Europe,Assassination,,,Firearms,,,,
1.97901E+11,1/1/79,France,Ajaccio,Corsican National Liberation Front (FLNC),0,,,,,0,0,Police,,,Western Europe,Armed Assault,,,Firearms,,,,
1.97812E+11,12/19/78,United States,Livingston,May 19 Communist Order,0,,,,,0,0,Business,Business,,North America,Armed Assault,,,Firearms,,,,
1.97812E+11,12/7/78,United States,San Juan,Macheteros,0,,,,,1,0,Police,,,North America,Assassination,,,Firearms,,,,
1.97811E+11,11/29/78,United States,Delaware City,Unknown,0,,,,,0,0,Transportation,,,North America,Armed Assault,,,Firearms,,,,
1.97811E+11,11/22/78,United States,Glendale,Otpor,0,,,,,1,0,Private Citizens & Property,,,North America,Assassination,,,Firearms,,,,
1.9781E+11,10/12/78,United States,New York City,May 19 Communist Order,0,,,,,0,0,Business,,,North America,Hostage Taking (Barricade Incident),,,Firearms,,,,
1.9781E+11,10/5/78,France,Marseilles,Unknown,0,,,,,9,0,Unknown,,,Western Europe,Armed Assault,,,Firearms,,,,
1.97809E+11,9/28/78,United States,Greenburgh,Otpor,1,,,,,1,0,Private Citizens & Property,,,North America,Assassination,,,Firearms,,,,
1.97809E+11,9/4/78,United States,San Juan,Revolutionary Commandos of the People (CRP),1,,,,,0,0,Journalists & Media,,,North America,Hostage Taking (Barricade Incident),Facility/Infrastructure Attack,,Firearms,Other,,,
1.97808E+11,8/24/78,United States,Naguabo,Macheteros,0,,,,,1,0,Police,,,North America,Armed Assault,,,Firearms,,,,
1.97808E+11,8/17/78,United States,Chicago,Croatian Nationalists,0,,,,,0,0,Government (Diplomatic),,,North America,Hostage Taking (Barricade Incident),,,Firearms,,,,
1.97808E+11,8/3/78,France,Paris,Abu Nidal Organization (ANO),0,,,,,2,0,Government (Diplomatic),,,Western Europe,Assassination,,,Firearms,Explosives/Bombs/Dynamite,,,
1.97807E+11,7/31/78,France,Paris,Palestinians,0,,,,,2,3,Government (Diplomatic),,,Western Europe,Hostage Taking (Barricade Incident),,,Firearms,Explosives/Bombs/Dynamite,Firearms,,
1.97807E+11,7/29/78,United States,Chattanooga,White extremists,0,,,,,1,1,Private Citizens & Property,,,North America,Armed Assault,,,Firearms,,,,
1.97807E+11,7/5/78,United States,San Juan,Fuerzas Armadas de Liberacion Nacional (FALN),0,,,,,Unknown,Unknown,Police,,,North America,Armed Assault,,,Firearms,,,,
1.97807E+11,7/3/78,United States,San Juan,Unknown,0,,,,,0,0,Government (Diplomatic),,,North America,Hostage Taking (Barricade Incident),,,Firearms,,,,
1.97807E+11,7/2/78,France,Saint-Jean-de-Luz,Argentine Anticommunist Alliance (AAA),0,,,,,1,0,Terrorists/Non-state Militia,,,Western Europe,Assassination,,,Firearms,,,,
1.97805E+11,5/20/78,France,Paris,Popular Front for the Liberation of Palestine (PFLP),0,,,,,5,3,Airports and Aircraft,,,Western Europe,Bombing/Explosion,,,Firearms,Explosives/Bombs/Dynamite,,,
1.97805E+11,5/5/78,France,Paris,Delta Group,0,,,,,1,0,Business,,,Western Europe,Assassination,,,Firearms,,,,
1.97803E+11,3/6/78,United States,Lawrenceville,White extremists,0,,,,,0,2,Private Citizens & Property,,,North America,Assassination,,,Firearms,,,,
1.97801E+11,1/14/78,France,Ventiseri,Corsican National Liberation Front (FLNC),0,,,,,0,0,Military,,,Western Europe,Bombing/Explosion,,,Firearms,Explosives/Bombs/Dynamite,,,
1.97801E+11,1/10/78,France,Nice,Charles Martel Group,0,,,,,0,0,Business,,,Western Europe,Armed Assault,,,Firearms,,,,
1.97712E+11,12/25/77,France,Saint-Martin-sur-Oreuse,Unknown,0,,,,,0,0,Government (General),,,Western Europe,Assassination,,,Firearms,,,,
1.97712E+11,12/2/77,France,Paris,Delta Group,0,,,,,1,0,Private Citizens & Property,,,Western Europe,Assassination,,,Firearms,,,,
1.9771E+11,10/19/77,United States,Mount Vernon,May 19 Communist Order,0,,,,,0,0,Business,,,North America,Hostage Taking (Barricade Incident),,,Firearms,,,,
1.9771E+11,10/8/77,United States,Richmond Heights,White extremists,0,,,,,1,2,Private Citizens & Property,,,North America,Armed Assault,,,Firearms,,,,
1.97709E+11,9/13/77,France,Antibes,Unknown,0,,,,,1,0,Government (General),,,Western Europe,Assassination,,,Firearms,,,,
1.97707E+11,7/7/77,France,Paris,Polisario Front,0,,,,,0,1,Government (Diplomatic),,,Western Europe,Assassination,,,Firearms,,,,
1.97706E+11,6/14/77,United States,New York City,Croatian Nationalists,0,,,,,0,1,Government (Diplomatic),,,North America,Armed Assault,,,Firearms,Firearms,,,
1.97705E+11,5/26/77,United States,New York City,May 19 Communist Order,0,,,,,0,0,Business,,,North America,Hostage Taking (Barricade Incident),,,Firearms,,,,
1.97703E+11,3/9/77,United States,Washington,Hanafi Muslims,0,,,,,1,Unknown,Government (General),,,North America,Hostage Taking (Barricade Incident),,,Firearms,,,,
1.97703E+11,3/9/77,United States,Washington,Hanafi Muslims,0,,,,,Unknown,Unknown,Private Citizens & Property,,,North America,Armed Assault,,,Firearms,,,,
1.97703E+11,3/9/77,United States,Washington,Hanafi Muslims,0,,,,,Unknown,Unknown,Religious Figures/Institutions,,,North America,Hostage Taking (Barricade Incident),,,Firearms,,,,
1.97703E+11,3/7/77,United States,Warrensville Heights,African-American extremists,0,,,,,0,0,Police,Private Citizens & Property,,North America,Hostage Taking (Kidnapping),,,Firearms,,,,
1.97701E+11,1/25/77,United States,San Francisco,New World Liberation Front (NWLF),0,,,,,0,1,Government (General),,,North America,Assassination,,,Firearms,,,,
1.97701E+11,1/7/77,United States,Miami,Unknown,0,,,,,1,0,Terrorists/Non-state Militia,,,North America,Assassination,,,Firearms,,,,
1.97701E+11,1/4/77,France,Paris,Unknown,0,,,,,1,0,Terrorists/Non-state Militia,,,Western Europe,Assassination,,,Firearms,,,,
1.97612E+11,12/6/76,United States,Pittsburgh,May 19 Communist Order,0,0,0,Business,Business,North America,,,,Armed Assault,Firearms,,,,,,,,
1.97611E+11,11/2/76,France,Paris,Rezi Rezai International Brigades,0,,,,,0,1,Government (Diplomatic),,,Western Europe,Assassination,,,Firearms,,,,
1.97609E+11,9/7/76,France,Ajaccio,Corsican National Liberation Front (FLNC),0,,,,,0,0,Airports and Aircraft,,,Western Europe,Hostage Taking (Barricade Incident),,,Firearms,Explosives/Bombs/Dynamite,,,
1.97607E+11,7/26/76,United States,New York City,Cypriot,0,,,,,0,0,Government (General),,,North America,Assassination,,,Firearms,,,,
1.97605E+11,5/14/76,France,Paris,Unknown,0,,,,,1,0,Business,,,Western Europe,Assassination,,,Firearms,,,,
1.97605E+11,5/13/76,United States,Hyattsville,Jewish Defense League (JDL),0,,,,,0,Unknown,Government (Diplomatic),,,North America,Armed Assault,,,Firearms,,,,
1.97605E+11,5/13/76,United States,Hyattsville,Jewish Defense League (JDL),0,,,,,0,Unknown,Government (Diplomatic),,,North America,Armed Assault,,,Firearms,,,,
1.97605E+11,5/11/76,France,Paris,Armed Nucleus for Popular Autonomy,0,,,,,1,0,Government (Diplomatic),,,Western Europe,Assassination,,,Firearms,,,,
1.97604E+11,4/5/76,United States,Unknown,Unknown,0,,,,,1,0,Maritime,,,North America,Armed Assault,,,Firearms,,,,
1.97604E+11,4/3/76,France,Hendaye,Basque Fatherland and Freedom (ETA),0,,,,,1,0,Police,,,Western Europe,Assassination,,,Firearms,,,,
1.97604E+11,4/3/76,France,Hendaye,Basque Fatherland and Freedom (ETA),0,,,,,1,0,Police,,,Western Europe,Assassination,,,Firearms,,,,
1.97604E+11,4/2/76,United States,New York City,Jewish Defense League (JDL),0,,,,,0,0,Government (Diplomatic),,,North America,Armed Assault,,,Firearms,,,,
1.97603E+11,3/7/76,France,Paris,Unknown,0,,,,,0,0,Airports and Aircraft,,,Western Europe,Armed Assault,,,Firearms,,,,
1.97602E+11,2/27/76,United States,New York City,Jewish Defense League (JDL),0,,,,,0,0,Private Citizens & Property,,,North America,Armed Assault,,,Firearms,Firearms,,,
1.97602E+11,2/12/76,France,Paris,Front for the Liberation of the French Somali Coast,0,,,,,1,0,Government (Diplomatic),,,Western Europe,Armed Assault,,,Firearms,,,,
1.97601E+11,1/23/76,United States,Tukwila,George Jackson Brigade,0,,,,,1,0,Business,,,North America,Armed Assault,,,Firearms,,,,
1.9751E+11,10/24/75,France,Paris,Justice Commandos for the Armenian Genocide,0,,,,,2,0,Government (Diplomatic),,,Western Europe,Assassination,,,Firearms,,,,
1.9751E+11,10/8/75,France,Paris,Armed Nucleus for Popular Autonomy,0,,,,,0,1,Government (Diplomatic),,,Western Europe,Assassination,,,Firearms,,,,
1.97509E+11,9/22/75,United States,San Francisco,Left-wing extremists,0,,,,,0,1,Government (General),,,North America,Assassination,,,Firearms,,,,
1.97509E+11,9/19/75,United States,Dayton,White extremists,0,,,,,1,0,Private Citizens & Property,,,North America,Assassination,,,Firearms,,,,
1.97509E+11,9/5/75,United States,Sacramento,Supporters of Charles Manson,0,,,,,0,0,Government (General),,,North America,Assassination,,,Firearms,,,,
1.97507E+11,7/2/75,United States,Chattanooga,Unknown,0,,,,,0,4,Private Citizens & Property,,,North America,Armed Assault,,,Firearms,,,,
1.97506E+11,6/5/75,France,Paris,Nationalist Intervention Group,0,,,,,0,0,Private Citizens & Property,,,Western Europe,Bombing/Explosion,,,Firearms,Explosives/Bombs/Dynamite,,,
1.97506E+11,1975-06-00,France,Biarritz,Anti-Terrorism ETA (ATE),0,,,,,0,0,Business,,,Western Europe,Armed Assault,,,Firearms,,,,
1.97504E+11,4/21/75,United States,Sacramento,Symbionese Liberation Army (SLA),0,,,,,0,0,Business,,,North America,Armed Assault,,,Firearms,,,,
1.97502E+11,2/21/75,United States,Miami,Movement for Cuban Justice (Pragmatistas),0,,,,,1,0,Government (General),,,North America,Assassination,,,Firearms,,,,
1.97501E+11,1/19/75,United States,New York City,Unknown,0,,,,,0,0,Government (Diplomatic),,,North America,Armed Assault,,,Firearms,,,,
1.97412E+11,12/19/74,France,Paris,Raul Sendic International Brigade,0,,,,,1,0,Government (Diplomatic),,,Western Europe,Assassination,,,Firearms,,,,
1.9741E+11,10/29/74,United States,New York City,Jewish Armed Resistance,0,,,,,0,1,Terrorists/Non-state Militia,,,North America,Armed Assault,,,Firearms,Melee,,,
1.97407E+11,7/5/74,France,Toulouse,International Revolutionary Action Group (GARI),0,,,,,Unknown,Unknown,Business,,,Western Europe,Armed Assault,,,Firearms,,,,
1.97406E+11,6/11/74,United States,Union City,Chicano Liberation Front,1,,,,,1,4,Police,Private Citizens & Property,,North America,Armed Assault,,,Firearms,,,,
1.97405E+11,5/16/74,United States,Los Angeles,Symbionese Liberation Army (SLA),0,,,,,0,0,Business,,,North America,Armed Assault,,,Firearms,,,,
1.97405E+11,5/3/74,United States,New Haven,Black Liberation Army,0,,,,,0,1,Business,,,North America,Armed Assault,,,Firearms,,,,
1.97404E+11,4/17/74,United States,New York City,Black Liberation Army,0,,,,,0,0,Police,,,North America,Armed Assault,,,Firearms,,,,
1.97404E+11,4/16/74,United States,San Francisco,Zebra killers,0,,,,,1,0,Private Citizens & Property,,,North America,Armed Assault,,,Firearms,,,,
1.97404E+11,4/15/74,United States,San Francisco,Symbionese Liberation Army (SLA),0,,,,,0,0,Business,,,North America,Armed Assault,,,Firearms,,,,
1.97404E+11,4/14/74,United States,San Francisco,Zebra killers,0,,,,,0,2,Private Citizens & Property,,,North America,Armed Assault,,,Firearms,,,,
1.97404E+11,4/13/74,United States,Miami,Secret Organization Zero,0,,,,,1,0,Government (General),,,North America,Assassination,,,Firearms,,,,
1.97404E+11,4/4/74,France,Toulouse,International Revolutionary Action Group (GARI),0,,,,,Unknown,Unknown,Business,,,Western Europe,Armed Assault,,,Firearms,,,,
1.97404E+11,4/1/74,United States,San Francisco,Zebra killers,0,,,,,1,1,NGO,,,North America,Armed Assault,,,Firearms,,,,
1.97402E+11,2/23/74,France,Toulouse,International Revolutionary Action Group (GARI),0,,,,,0,1,Government (Diplomatic),,,Western Europe,Assassination,,,Firearms,,,,
1.97402E+11,2/4/74,United States,New York City,Black Muslims,0,,,,,4,0,Religious Figures/Institutions,Private Citizens & Property,,North America,Assassination,,,Firearms,,,,
1.97401E+11,1/28/74,United States,San Francisco,Zebra killers,0,,,,,1,0,Private Citizens & Property,,,North America,Armed Assault,,,Firearms,,,,
1.97401E+11,1/28/74,United States,San Francisco,Zebra killers,0,,,,,0,1,Private Citizens & Property,,,North America,Armed Assault,,,Firearms,,,,
1.97401E+11,1/28/74,United States,San Francisco,Zebra killers,0,,,,,1,0,Private Citizens & Property,,,North America,Armed Assault,,,Firearms,,,,
1.97401E+11,1/28/74,United States,San Francisco,Zebra killers,0,,,,,1,0,Private Citizens & Property,,,North America,Armed Assault,,,Firearms,,,,
1.97401E+11,1/28/74,United States,San Francisco,Zebra killers,0,,,,,1,0,Private Citizens & Property,,,North America,Armed Assault,,,Firearms,,,,
1.97312E+11,12/22/73,United States,San Francisco,Zebra killers,0,,,,,1,0,Private Citizens & Property,,,North America,Armed Assault,,,Firearms,,,,
1.97312E+11,12/22/73,United States,San Francisco,Zebra killers,0,,,,,1,0,Private Citizens & Property,,,North America,Armed Assault,,,Firearms,,,,
1.97312E+11,12/20/73,United States,San Francisco,Zebra killers,0,,,,,1,0,Private Citizens & Property,,,North America,Armed Assault,,,Firearms,,,,
1.97312E+11,12/20/73,United States,San Francisco,Zebra killers,0,,,,,0,1,Private Citizens & Property,,,North America,Armed Assault,,,Firearms,,,,
1.97312E+11,12/13/73,United States,San Francisco,Zebra killers,0,,,,,0,1,Private Citizens & Property,,,North America,Armed Assault,,,Firearms,,,,
1.97312E+11,12/13/73,United States,San Francisco,Zebra killers,0,,,,,1,0,Private Citizens & Property,,,North America,Armed Assault,,,Firearms,,,,
1.97312E+11,12/11/73,United States,San Francisco,Zebra killers,0,,,,,1,0,Private Citizens & Property,,,North America,Armed Assault,,,Firearms,,,,
1.97311E+11,11/26/73,United States,Gadsden,Ku Klux Klan,1,,,,,1,0,Private Citizens & Property,,,North America,Assassination,,,Firearms,,,,
1.97311E+11,11/25/73,United States,San Francisco,Zebra killers,0,,,,,1,0,Private Citizens & Property,,,North America,Armed Assault,,,Firearms,,,,
1.97311E+11,11/6/73,United States,Oakland,Symbionese Liberation Army (SLA),0,,,,,1,0,Educational Institution,,,North America,Assassination,,,Firearms,Chemical,,,
1.9731E+11,10/29/73,United States,San Francisco,Zebra killers,0,,,,,1,0,Private Citizens & Property,,,North America,Armed Assault,,,Firearms,,,,
1.9731E+11,10/22/73,United States,San Francisco,Zebra killers,0,,,,,0,1,Private Citizens & Property,,,North America,Hostage Taking (Kidnapping),Armed Assault,,Firearms,,,,
1.9731E+11,10/20/73,United States,San Francisco,Zebra killers,0,,,,,1,1,Private Citizens & Property,,,North America,Hostage Taking (Kidnapping),Armed Assault,,Firearms,Melee,Melee,,
1.9731E+11,10/18/73,United States,Newark,Black Muslims,1,,,,,2,0,Private Citizens & Property,,,North America,Assassination,,,Firearms,Melee,Melee,,
1.97309E+11,9/18/73,United States,Edison,Black Muslims,1,,,,,2,0,Private Citizens & Property,,,North America,Assassination,,,Firearms,,,,
1.97309E+11,9/5/73,France,Paris,Black September,0,,,,,0,0,Government (Diplomatic),,,Western Europe,Hostage Taking (Barricade Incident),,,Firearms,,,,
1.97309E+11,9/4/73,United States,Newark,Unknown,0,,,,,1,0,Religious Figures/Institutions,,,North America,Assassination,,,Firearms,,,,
1.97307E+11,7/18/73,United States,New York City,Black Liberation Army,0,,,,,0,0,Business,,,North America,Hostage Taking (Barricade Incident),,,Firearms,,,,
1.97307E+11,7/1/73,United States,Bethesda,Popular Front for the Liberation of Palestine (PFLP),1,,,,,1,0,Government (Diplomatic),,,North America,Assassination,,,Firearms,,,,
1.97306E+11,6/5/73,United States,New York City,Black Liberation Army,0,,,,,1,0,Police,,,North America,Armed Assault,,,Firearms,,,,
1.97305E+11,5/19/73,United States,Mount Vernon,Black Liberation Army,0,,,,,2,0,Police,,,North America,Armed Assault,,,Firearms,,,,
1.97305E+11,5/1/73,United States,New York City,Unknown,0,,,,,1,0,NGO,,,North America,Assassination,,,Firearms,,,,
1.97304E+11,4/16/73,United States,Washington,Black September,0,,,,,0,0,Government (Diplomatic),,,North America,Armed Assault,,,Firearms,,,,
1.97304E+11,4/10/73,United States,New York City,Black Liberation Army,0,,,,,0,0,Business,,,North America,Armed Assault,,,Firearms,,,,
1.97303E+11,3/27/73,United States,New York City,Black Liberation Army,0,,,,,0,0,Business,,,North America,Armed Assault,,,Firearms,,,,
1.97303E+11,3/6/73,United States,New York City,Black Liberation Army,0,,,,,0,0,Police,,,North America,Armed Assault,,,Firearms,,,,
1.97302E+11,2/27/73,United States,Wounded Knee,American Indian Movement,0,,,,,2,2,Private Citizens & Property,,,North America,Hostage Taking (Barricade Incident),Facility/Infrastructure Attack,Armed Assault,Firearms,Incendiary,,,
1.97302E+11,2/9/73,United States,New York City,Black Liberation Army,0,,,,,0,0,Business,,,North America,Armed Assault,,,Firearms,,,,
1.97301E+11,1/28/73,United States,New York City,Black Liberation Army,0,,,,,2,0,Police,,,North America,Armed Assault,,,Firearms,,,,
1.97301E+11,1/27/73,United States,Los Angeles,Armenians,0,,,,,2,0,Government (Diplomatic),,,North America,Assassination,,,Firearms,Firearms,,,
1.97301E+11,1/25/73,United States,New York City,Black Liberation Army,0,,,,,2,0,Police,,,North America,Armed Assault,,,Firearms,,,,
1.97301E+11,1/18/73,United States,Washington,Black Muslims,1,,,,,7,2,Religious Figures/Institutions,,,North America,Armed Assault,,,Firearms,Melee,,,
1.97301E+11,1/7/73,United States,New Orleans,Republic of New Afrika,0,,,,,8,20,Police,Private Citizens & Property,Business,North America,Armed Assault,Facility/Infrastructure Attack,,Firearms,,,,
1.97301E+11,1/2/73,United States,New York City,Black Liberation Army,0,,,,,1,0,Private Citizens & Property,,,North America,Armed Assault,,,Firearms,,,,
1.97212E+11,12/31/72,United States,New Orleans,Republic of New Afrika,0,,,,,2,2,Police,,,North America,Armed Assault,,,Firearms,Firearms,,,
1.97212E+11,12/28/72,United States,New York City,Black Liberation Army,0,,,,,0,0,Business,Private Citizens & Property,,North America,Hostage Taking (Kidnapping),Facility/Infrastructure Attack,,Firearms,Firearms,,,
1.9721E+11,10/26/72,United States,Houston,Black Panthers,1,,,,,1,0,Police,,,North America,Armed Assault,,,Firearms,,,,
1.9721E+11,10/25/72,United States,Arlington,Left-Wing Militants,0,,,,,2,3,Business,,,North America,Armed Assault,,,Firearms,,,,
1.97209E+11,9/29/72,United States,New York City,Black Liberation Army,1,,,,,0,0,Business,,,North America,Hostage Taking (Barricade Incident),,,Firearms,,,,
1.97205E+11,5/27/72,United States,Jersey City,Unknown,0,,,,,1,0,Violent Political Party,,,North America,Assassination,,,Firearms,,,,
1.97203E+11,3/16/72,United States,New York City,Black Liberation Army,1,,,,,0,1,Business,,,North America,Hostage Taking (Barricade Incident),,,Firearms,,,,
1.97202E+11,2/1/72,United States,El Monte,Jewish Defense League (JDL),1,,,,,0,0,Private Citizens & Property,,,North America,Assassination,,,Firearms,,,,
1.97201E+11,1/27/72,United States,New York City,Black Liberation Army,0,,,,,2,0,Police,,,North America,Assassination,,,Firearms,,,,
1.97201E+11,1/6/72,United States,San Diego,Secret Army Organization,0,,,,,0,0,Private Citizens & Property,,,North America,Assassination,,,Firearms,,,,
1.97111E+11,11/17/71,United States,Norman,White extremists,0,,,,,0,0,Educational Institution,,,North America,Armed Assault,,,Firearms,,,,
1.97111E+11,11/3/71,United States,Atlanta,Black Liberation Army,0,,,,,1,0,Police,,,North America,Assassination,,,Firearms,,,,
1.9711E+11,10/20/71,United States,New York City,Jewish Defense League (JDL),0,,,,,0,0,Government (Diplomatic),,,North America,Armed Assault,,,Firearms,,,,
1.9711E+11,10/7/71,United States,Atlanta,Black Liberation Army,0,,,,,0,0,Business,,,North America,Armed Assault,,,Firearms,,,,
1.97109E+11,9/24/71,United States,Detroit,Black Liberation Army,0,,,,,0,0,Airports and Aircraft,,,North America,Hijacking,,,Explosives/Bombs/Dynamite,Firearms,,,
1.97109E+11,9/18/71,United States,Plainfield,Black Nationalists,1,,,,,1,0,Police,,,North America,Armed Assault,,,Firearms,,,,
1.97108E+11,8/29/71,United States,San Francisco,Black Liberation Army,0,,,,,1,0,Police,,,North America,Armed Assault,,,Firearms,,,,
1.97108E+11,8/28/71,United States,San Francisco,Black Liberation Army,0,,,,,0,2,Police,,,North America,Armed Assault,,,Firearms,,,,
1.97108E+11,8/23/71,United States,New York City,Black Liberation Army,0,,,,,0,0,Business,,,North America,Armed Assault,,,Firearms,,,,
1.97108E+11,8/15/71,United States,Vernon,Unknown,0,,,,,0,1,Utilities,,,North America,Armed Assault,,,Firearms,,,,
1.97108E+11,8/15/71,United States,Atlanta,Black Liberation Army,0,,,,,1,0,Business,,,North America,Armed Assault,,,Firearms,,,,
1.97107E+11,7/21/71,United States,San Francisco,Black Liberation Army,0,,,,,0,0,Business,,,North America,Hostage Taking (Barricade Incident),,,Firearms,Firearms,,,
1.97106E+11,6/18/71,United States,New York City,Black Liberation Army,0,,,,,0,0,Business,,,North America,Armed Assault,,,Firearms,,,,
1.97106E+11,6/5/71,United States,New York City,Black Liberation Army,0,,,,,1,0,Business,,,North America,Armed Assault,,,Firearms,,,,
1.97105E+11,5/29/71,United States,Cairo,Black Nationalists,0,,,,,0,3,Police,,,North America,Armed Assault,,,Firearms,,,,
1.97105E+11,5/21/71,United States,New York City,Black Liberation Army,0,,,,,2,0,Police,,,North America,Assassination,,,Firearms,,,,
1.97105E+11,5/19/71,United States,New York City,Black Liberation Army,0,,,,,0,2,Police,,,North America,Armed Assault,,,Firearms,,,,
1.97105E+11,5/13/71,United States,Chicago,Black Panthers,0,,,,,0,3,Police,,,North America,Armed Assault,,,Firearms,,,,
1.97104E+11,4/23/71,United States,Palo Alto,Student Radicals,0,,,,,0,0,Utilities,Educational Institution,,North America,Armed Assault,,,Firearms,,,,
1.97104E+11,4/19/71,United States,New York City,Black Panthers,0,,,,,0,2,Police,,,North America,Armed Assault,,,Firearms,,,,
1.97104E+11,4/17/71,United States,New York City,Black Panthers,0,,,,,1,0,Violent Political Party,,,North America,Assassination,,,Firearms,,,,
1.97104E+11,4/3/71,United States,Ypsilanti,Ku Klux Klan,0,,,,,0,1,Private Citizens & Property,,,North America,Hostage Taking (Kidnapping),,,Firearms,Melee,,,
1.97104E+11,4/2/71,United States,Riverside,Black Nationalists,0,,,,,2,0,Police,,,North America,Armed Assault,,,Firearms,,,,
1.97102E+11,2/20/71,United States,Miami,Black Afro Militant Movement,1,,,,,1,0,Police,,,North America,Armed Assault,,,Firearms,,,,
1.97101E+11,1/13/71,United States,San Francisco,Black Liberation Army,0,,,,,1,0,Police,,,North America,Armed Assault,,,Firearms,,,,
1.97011E+11,11/8/70,United States,Cairo,White extremists,0,,,,,1,0,Private Citizens & Property,,,North America,Armed Assault,,,Firearms,,,,
1.97011E+11,11/1/70,United States,New Castle,White extremists,0,,,,,1,0,Private Citizens & Property,,,North America,Armed Assault,,,Firearms,,,,
1.9701E+11,10/24/70,United States,Cairo,Black Panthers,1,,,,,0,2,Police,,,North America,Armed Assault,,,Firearms,,,,
1.9701E+11,10/24/70,United States,Cairo,Black Nationalists,0,,,,,0,0,Business,Police,,North America,Facility/Infrastructure Attack,Armed Assault,,Incendiary,Firearms,,,
1.9701E+11,10/24/70,United States,Detroit,National Committee to Combat Fascism,0,,,,,1,0,Police,,,North America,Armed Assault,,,Firearms,,,,
1.9701E+11,10/21/70,United States,Cairo,Black Nationalists,0,,,,,0,0,Police,,,North America,Armed Assault,,,Firearms,,,,
1.9701E+11,10/20/70,United States,Cairo,Black Nationalists,0,,,,,0,0,Government (General),Police,,North America,Facility/Infrastructure Attack,Armed Assault,,Incendiary,Firearms,,,
1.97009E+11,9/27/70,United States,New York City,Jewish Defense League (JDL),0,,,,,0,0,Airports and Aircraft,,,North America,Hijacking,,,Explosives/Bombs/Dynamite,Firearms,Unknown,,
1.97009E+11,9/23/70,United States,Brighton,"Weather Underground, Weathermen",0,,,,,1,0,Police,,,North America,Armed Assault,,,Firearms,,,,
1.97009E+11,9/18/70,United States,Toledo,Black Panthers,1,,,,,1,1,Police,,,North America,Armed Assault,,,Firearms,,,,
1.97009E+11,9/1/70,United States,Philadelphia,"Weather Underground, Weathermen",0,,,,,0,0,Business,,,North America,Armed Assault,,,Firearms,,,,
1.97008E+11,8/20/70,United States,Berkeley,Black Nationalists,0,,,,,1,0,Police,,,North America,Armed Assault,,,Firearms,,,,
1.97008E+11,8/15/70,United States,West Point,White extremists,0,,,,,1,0,Private Citizens & Property,,,North America,Assassination,,,Firearms,,,,
1.97008E+11,8/7/70,United States,San Rafael,Jonathan Jackson Brigade,0,,,,,4,2,Government (General),,,North America,Hostage Taking (Kidnapping),,,Firearms,Firearms,,,
1.97008E+11,8/6/70,United States,San Jose,Black Nationalists,0,,,,,1,0,Police,,,North America,Armed Assault,,,Firearms,,,,
1.97007E+11,7/31/70,United States,Charlotte,White extremists,0,,,,,0,0,Private Citizens & Property,,,North America,Armed Assault,,,Firearms,,,,
1.97007E+11,7/17/70,United States,Chicago,Black Nationalists,0,,,,,2,0,Police,,,North America,Armed Assault,,,Firearms,,,,
1.97007E+11,7/11/70,United States,New Bedford,White extremists,0,,,,,1,3,Private Citizens & Property,,,North America,Armed Assault,,,Firearms,,,,
1.97007E+11,7/4/70,United States,San Francisco,Strikers,0,,,,,0,1,Private Citizens & Property,,,North America,Assassination,,,Firearms,,,,
1.97006E+11,6/30/70,United States,Plainfield,Black Nationalists,1,,,,,1,1,Police,,,North America,Armed Assault,Facility/Infrastructure Attack,,Firearms,Incendiary,,,
1.97006E+11,6/28/70,United States,Detroit,National Committee to Combat Fascism,0,,,,,0,3,Police,,,North America,Armed Assault,,,Firearms,,,,
1.97006E+11,6/19/70,United States,San Francisco,Black Nationalists,0,,,,,1,0,Police,,,North America,Armed Assault,,,Firearms,,,,
1.97006E+11,6/19/70,United States,Chicago,Black Nationalists,0,,,,,1,0,Police,,,North America,Armed Assault,,,Firearms,Firearms,,,
1.97006E+11,6/12/70,United States,Cairo,Black Nationalists,0,,,,,0,1,Police,,,North America,Armed Assault,,,Firearms,,,,
1.97006E+11,6/9/70,United States,Newark,Black Nationalists,0,,,,,0,1,Private Citizens & Property,,,North America,Assassination,,,Firearms,,,,
1.97005E+11,5/28/70,United States,Sacramento,Black Panthers,0,,,,,1,0,Police,,,North America,Armed Assault,,,Firearms,,,,
1.97005E+11,5/22/70,United States,St. Paul,Black Nationalists,0,,,,,1,0,Police,,,North America,Armed Assault,,,Firearms,,,,
1.97005E+11,5/9/70,United States,Sacramento,Black Nationalists,0,,,,,1,0,Police,,,North America,Armed Assault,,,Firearms,,,,
1.97004E+11,4/24/70,United States,New York City,The World United Formosans for Independence (WUFI),0,,,,,0,0,Government (Diplomatic),,,North America,Assassination,,,Firearms,,,,
1.97004E+11,4/24/70,United States,Baltimore,Black Panthers,0,,,,,1,1,Police,,,North America,Armed Assault,,,Firearms,Firearms,,,
1.97004E+11,4/17/70,United States,Oakland,Black Panthers,1,,,,,0,2,Police,,,North America,Armed Assault,Bombing/Explosion,,Firearms,Explosives/Bombs/Dynamite,,,
1.97003E+11,3/20/70,United States,Detroit,White extremists,0,,,,,1,0,Private Citizens & Property,,,North America,Assassination,,,Firearms,,,,
1.97003E+11,3/14/70,United States,Long Beach,Left-Wing Militants,0,,,,,0,0,Military,,,North America,Hijacking,,,Fake Weapons,Firearms,,,
1.97003E+11,3/5/70,United States,San Juan,Armed Commandos of Liberation,1,Armed Revolutionary Independence Movement (MIRA),1,,,2,0,Military,,,North America,Assassination,,,Firearms,,,,
1.97002E+11,2/16/70,United States,San Francisco,Left-Wing Militants,0,,,,,0,0,Police,,,North America,Armed Assault,,,Firearms,,,,
1.97002E+11,2/1/70,United States,Cairo,Black Nationalists,0,,,,,0,0,Police,,,North America,Armed Assault,,,Firearms,,,,
1.97001E+11,1/26/70,United States,New York City,Black Nationalists,0,,,,,0,0,Police,,,North America,Armed Assault,,,Firearms,,,,
1.97001E+11,1/25/70,United States,New York City,Black Nationalists,0,,,,,0,2,Police,,,North America,Armed Assault,,,Firearms,,,,
1.97001E+11,1/19/70,United States,Jersey City,White extremists,0,,,,,0,0,Violent Political Party,,,North America,Facility/Infrastructure Attack,Armed Assault,,Incendiary,Firearms,,,
1.97001E+11,1/1/70,United States,Cairo,Black Nationalists,0,,,0,0,Police,,North America,Armed Assault,,,Firearms,,"<p class=""errors"" style=""margin-left: 40px;"">There was an error performing this search", please try again or contact the GTD administrator. (Results: Input string was not in a correct format.)</p>,,,,